date,key,chain,symbol,address,price,liquidity_usd,volume_24h_usd,fdv_usd,qualified,tracked,first_qualified,status
2026-10-05,bsc:0x0a092e544da31150b439a1aaa1a3a2214a867f46,bsc,CT,0x0a092e544da31150b439a1aaa1a3a2214a867f46,0.4273,14222,7693,7716977,1,1,2026-10-05,ok
2026-10-05,bsc:0x0a8d6c86e1bce73fe4d0bd531e1a567306836ea5,bsc,COAI,0x0a8d6c86e1bce73fe4d0bd531e1a567306836ea5,0.3317,1934375,4377793,331777225,1,1,2026-10-05,ok
2026-10-05,bsc:0x277add739c6e0477616948357af9e79fe1ec9b80,bsc,AEON,0x277add739c6e0477616948357af9e79fe1ec9b80,0.053619024,846241,2272701,53619023,1,1,2026-10-05,ok
2026-10-05,bsc:0x2919b42e28ba205b56712425d09d98d3bdeb7b1a,bsc,WBTCBR,0x2919b42e28ba205b56712425d09d98d3bdeb7b1a,1.7368377e-07,11829215,286023480,3150552041334,1,1,2026-10-05,ok
2026-10-05,bsc:0x2c3a8ee94ddd97244a93bc48298f97d2c412f7db,bsc,AKE,0x2c3a8ee94ddd97244a93bc48298f97d2c412f7db,0.03261,2820970,1374137,3261777356,1,1,2026-10-05,ok
2026-10-05,bsc:0x4902c5ebc598265ed2212b559b042de8a5eeec3f,bsc,B13B,0x4902c5ebc598265ed2212b559b042de8a5eeec3f,6.12,3247414,16999386,31343752,1,1,2026-10-05,ok
2026-10-05,bsc:0x4b3d30992f003c8167699735f5ab2831b2a087d3,bsc,COLLECT,0x4b3d30992f003c8167699735f5ab2831b2a087d3,0.022347356,1330006,19228252,67042069,1,1,2026-10-05,ok
2026-10-05,bsc:0x531f1fd7356923e4d4da6145ce3742ddfe147777,bsc,SI,0x531f1fd7356923e4d4da6145ce3742ddfe147777,0.007853,329517,14975382,7825175,1,1,2026-10-05,ok
2026-10-05,bsc:0x66661c7229901f568f16bd1551b3ba826f83ce49,bsc,DEBIT,0x66661c7229901f568f16bd1551b3ba826f83ce49,2.1356124,1226298,48004990,213560118,1,1,2026-10-05,ok
2026-10-05,bsc:0x6d6521283cd3fd0188fe0408e700a5790a0f6c61,bsc,GALABET,0x6d6521283cd3fd0188fe0408e700a5790a0f6c61,2.1465,17585042,81225161,124273861603168995396599322760628613124226791583160423415808,1,1,2026-10-05,ok
2026-10-05,bsc:0x9558a9254890b2a8b057a789f413631b9084f4a3,bsc,AIN,0x9558a9254890b2a8b057a789f413631b9084f4a3,0.05483,1398195,39744143,54693545,1,1,2026-10-05,ok
2026-10-05,bsc:0xaf36fd0e3e07ab394990173393e05a86f9e87777,bsc,万事兴龙,0xaf36fd0e3e07ab394990173393e05a86f9e87777,0.01113,558092,204087134,11134990,1,1,2026-10-05,ok
2026-10-05,bsc:0xbe9d156892e55e7154bcd3cb0fea677f9d3103e1,bsc,SPCXB,0xbe9d156892e55e7154bcd3cb0fea677f9d3103e1,159.7,2264094,8595059,85219447,1,1,2026-10-05,ok
2026-10-05,bsc:0xc69b16cf18cea1e5d0bb6a1a9db802097790ddd2,bsc,CNPY,0xc69b16cf18cea1e5d0bb6a1a9db802097790ddd2,0.2879625,325358,20105792,8981534,1,1,2026-10-05,ok
2026-10-05,bsc:0xcae117ca6bc8a341d2e7207f30e180f0e5618b9d,bsc,ARK,0xcae117ca6bc8a341d2e7207f30e180f0e5618b9d,6.43,58039991,3138256,217780890,1,1,2026-10-05,ok
2026-10-05,bsc:0xe9bc5c6a86caa44fd7b469bf3cc7c563e4f77777,bsc,MAX,0xe9bc5c6a86caa44fd7b469bf3cc7c563e4f77777,0.006631,391096,1703968,6631448,1,1,2026-10-05,ok
2026-10-05,bsc:0xeccbb861c0dda7efd964010085488b69317e4444,bsc,龙虾,0xeccbb861c0dda7efd964010085488b69317e4444,0.04136,2015595,3144889,41361992,1,1,2026-10-05,ok
2026-10-05,bsc:0xfe189e97832da1573e4e4ff034f4ffc3a15c7777,bsc,MARSCOIN,0xfe189e97832da1573e4e4ff034f4ffc3a15c7777,0.1083,425593,1589811,108303209,1,1,2026-10-05,ok
2026-10-05,robinhood:0x020bfc650a365f8bb26819deaabf3e21291018b4,robinhood,CASHCAT,0x020bfc650a365f8bb26819deaabf3e21291018b4,0.1594,4372203,309975,157558928,1,1,2026-10-05,ok
2026-10-05,robinhood:0x0b7c6c138dc75622f4200d157b13fb93e6bd94fa,robinhood,MOW,0x0b7c6c138dc75622f4200d157b13fb93e6bd94fa,0.1176,11760644,10041998,117601665,1,1,2026-10-05,ok
2026-10-05,robinhood:0x18e674231a58c239dc7daedcffe15ec3a24cff5c,robinhood,HOOKR,0x18e674231a58c239dc7daedcffe15ec3a24cff5c,0.02158,1144981,1079890,21459603,1,1,2026-10-05,ok
2026-10-05,robinhood:0x20024e485c0b22b42855589700721b28320a7777,robinhood,PRISM,0x20024e485c0b22b42855589700721b28320a7777,0.005714,370443,439823,5714154,1,1,2026-10-05,ok
2026-10-05,robinhood:0x2e8c31162b855a2ffa90f6f8634643ad6f111e18,robinhood,AI,0x2e8c31162b855a2ffa90f6f8634643ad6f111e18,0.1097,128054,560733,108569406,1,1,2026-10-05,ok
2026-10-05,robinhood:0x39dbed3a2bd333467115de45665cc57f813c4571,robinhood,PONS,0x39dbed3a2bd333467115de45665cc57f813c4571,0.3881,3357022,724126,263998402,1,1,2026-10-05,ok
2026-10-05,robinhood:0x56910d4409f3a0c78c64dd8d0545ff0705389870,robinhood,INDEX,0x56910d4409f3a0c78c64dd8d0545ff0705389870,0.0165,658773,39424,16180640,1,1,2026-10-05,ok
2026-10-05,robinhood:0x577bc74a99aabbd43a354668dc7b7ed4b5e303ae,robinhood,SIMD,0x577bc74a99aabbd43a354668dc7b7ed4b5e303ae,0.006556,265288,7413282,6556064,1,1,2026-10-05,ok
2026-10-05,robinhood:0x8e41fd25e85e624560fa50ff9f117a02cd30b8b3,robinhood,SIF,0x8e41fd25e85e624560fa50ff9f117a02cd30b8b3,0.008218,297315,5474327,8218771,1,1,2026-10-05,ok
2026-10-05,robinhood:0x9161cdb8bd4c21375e85c3fe7a5ce74a6ba5da06,robinhood,ORE,0x9161cdb8bd4c21375e85c3fe7a5ce74a6ba5da06,0.0005286,70117,129105,528688,0,1,2026-10-05,ok
2026-10-05,robinhood:0x97d4c3c1b72aebb599b70002e9109b88248d51e3,robinhood,SHIBPNL,0x97d4c3c1b72aebb599b70002e9109b88248d51e3,2.58e-06,155972,8892151,258026,1,1,2026-10-05,ok
2026-10-05,robinhood:0x98096d17e191b3da1d5f99a6d7b3584351b11e18,robinhood,BONER,0x98096d17e191b3da1d5f99a6d7b3584351b11e18,0.06964,449277,702319,69637106,1,1,2026-10-05,ok
2026-10-05,robinhood:0x9ba4d84ac1571a0788b2bb7a6412e73529d12dc6,robinhood,SI,0x9ba4d84ac1571a0788b2bb7a6412e73529d12dc6,0.01832,446392,8185986,18321401,1,1,2026-10-05,ok
2026-10-05,robinhood:0xaa07a0e9209e16ac99708c3ec70159c6ef3128a3,robinhood,ORBIO,0xaa07a0e9209e16ac99708c3ec70159c6ef3128a3,0.0902,1415666,1471920,85696182,1,1,2026-10-05,ok
2026-10-05,robinhood:0xab093def657f15df31b33922a95e047add645b29,robinhood,SHROOM,0xab093def657f15df31b33922a95e047add645b29,0.008492,325492,444928,8371397,1,1,2026-10-05,ok
2026-10-05,robinhood:0xedbf91223639800bcd5756815caf908df3b890be,robinhood,PRIORS,0xedbf91223639800bcd5756815caf908df3b890be,0.007736,870840,196235,7736955,1,1,2026-10-05,ok
2026-10-05,robinhood:0xee049979960d5e42b389b941ec45790ca7b6e1f7,robinhood,HI,0xee049979960d5e42b389b941ec45790ca7b6e1f7,0.02077,476143,16695895,20773289,1,1,2026-10-05,ok
2026-10-05,solana:3Dgwn5E7H5a8k6iGrz3qirkaJqUaJrKHEZ2xPcLRpump,solana,KNIGHTCAT,3Dgwn5E7H5a8k6iGrz3qirkaJqUaJrKHEZ2xPcLRpump,0.001465,132036,5004514,1433329,1,1,2026-10-05,ok
2026-10-05,solana:5tCju6YNxHq5zrA6tGndr6F7TK42mpUFmeE31cSFpump,solana,SWORDCAT,5tCju6YNxHq5zrA6tGndr6F7TK42mpUFmeE31cSFpump,0.001665,161630,2383627,1598450,1,1,2026-10-05,ok
2026-10-05,solana:6GmAFSYs4gk3FDao5FzzySQpPZaWsa4rUJHacpMpUNgx,solana,STONK,6GmAFSYs4gk3FDao5FzzySQpPZaWsa4rUJHacpMpUNgx,0.204,2715258,7447623,204025760,1,1,2026-10-05,ok
2026-10-05,solana:7VertkgF9KLhxxJXHX6uaWuoYZTP9LdGj2bWmVXVpump,solana,AGENCY,7VertkgF9KLhxxJXHX6uaWuoYZTP9LdGj2bWmVXVpump,0.01559,560542,13836167,14956575,1,1,2026-10-05,ok
2026-10-05,solana:8Fnm6XUnY9DGQLh7tFM4SjQRbjfspfhTMyVSx7nXQNYB,solana,USDТ,8Fnm6XUnY9DGQLh7tFM4SjQRbjfspfhTMyVSx7nXQNYB,0.9971,1045196,8093,1107409505269,1,1,2026-10-05,ok
2026-10-05,solana:8nPoBHiBM6pybxMws9PA2JRb9BjkppBfqcZGmot4DMBC,solana,HUMAN,8nPoBHiBM6pybxMws9PA2JRb9BjkppBfqcZGmot4DMBC,0.001242,138617,19734652,1208697,1,1,2026-10-05,ok
2026-10-05,solana:9aqmJjCnnMQv42TXLk921ceUkN35nea2QP969n1caqjj,solana,SI,9aqmJjCnnMQv42TXLk921ceUkN35nea2QP969n1caqjj,0.00152,170567,3714641,1476555,1,1,2026-10-05,ok
2026-10-05,solana:Ai66LHZG9MCzg1WKdawwqduVAXpNDUuV8M3uyq5ppump,solana,CATE,Ai66LHZG9MCzg1WKdawwqduVAXpNDUuV8M3uyq5ppump,0.05904,2935845,1540842,56931564,1,1,2026-10-05,ok
2026-10-05,solana:BXoHJddsWJLHtAopeiSbKUSELsu8hSFMs8baGMDkpump,solana,CRAWL,BXoHJddsWJLHtAopeiSbKUSELsu8hSFMs8baGMDkpump,0.001703,157524,8585686,1653981,1,1,2026-10-05,ok
2026-10-05,solana:C1mBfBoDkwWfd6uTFZp62ARHLjeVp3bDpCDMfMZtPngE,solana,HOOKED,C1mBfBoDkwWfd6uTFZp62ARHLjeVp3bDpCDMfMZtPngE,0.008441,368391,759497,8038045,1,1,2026-10-05,ok
2026-10-05,solana:DEW9dSN6QpWyNthphCpMmAbZP1Q4cEKR9xQXAri98WDP,solana,SI,DEW9dSN6QpWyNthphCpMmAbZP1Q4cEKR9xQXAri98WDP,0.03242,781312,4825496,32428634,1,1,2026-10-05,ok
2026-10-05,solana:GTBxUiw6wJdmmkCGZgRHLyYxqu1vG4KtRpeox6yDpump,solana,JEANPHIL,GTBxUiw6wJdmmkCGZgRHLyYxqu1vG4KtRpeox6yDpump,0.005377,359110,3223851,5213023,1,1,2026-10-05,ok
2026-10-05,solana:Hg5Ja55T5wESq4vyFoiVCMeHXtGyVA69X2UHq8hgpump,solana,BATON,Hg5Ja55T5wESq4vyFoiVCMeHXtGyVA69X2UHq8hgpump,0.01007,693317,4942001,10064627,1,1,2026-10-05,ok
