Date,core_adv,core_dec,core_ramo,frontier_adv,frontier_dec,frontier_ramo,btc_close
2023-10-02,2,26,-857.1428571428571,0,3,-1000.0,27530.78515625
2023-10-03,6,21,-555.5555555555555,0,2,-1000.0,27429.978515625
2023-10-04,13,14,-37.03703703703704,1,1,0.0,27799.39453125
2023-10-05,5,22,-629.6296296296297,0,2,-1000.0,27415.912109375
2023-10-06,26,1,925.925925925926,2,0,1000.0,27946.59765625
2023-10-07,6,21,-555.5555555555555,2,0,1000.0,27968.83984375
2023-10-08,4,23,-703.7037037037037,0,2,-1000.0,27935.08984375
2023-10-09,1,26,-925.925925925926,0,3,-1000.0,27583.677734375
2023-10-10,9,18,-333.3333333333333,2,0,1000.0,27391.01953125
2023-10-11,6,21,-555.5555555555555,1,1,0.0,26873.3203125
2023-10-12,2,25,-851.8518518518518,0,2,-1000.0,26756.798828125
2023-10-13,24,3,777.7777777777778,3,0,1000.0,26862.375
2023-10-14,22,5,629.6296296296297,1,1,0.0,26861.70703125
2023-10-15,16,11,185.18518518518516,1,1,0.0,27159.65234375
2023-10-16,26,1,925.925925925926,1,1,0.0,28519.466796875
2023-10-17,3,24,-777.7777777777778,1,1,0.0,28415.748046875
2023-10-18,8,19,-407.4074074074074,1,1,0.0,28328.341796875
2023-10-19,15,12,111.1111111111111,1,1,0.0,28719.806640625
2023-10-20,25,2,851.8518518518518,2,1,333.3333333333333,29682.94921875
2023-10-21,27,0,1000.0,2,0,1000.0,29918.412109375
2023-10-22,23,4,703.7037037037037,3,0,1000.0,29993.896484375
2023-10-23,26,1,925.925925925926,2,1,333.3333333333333,33086.234375
2023-10-24,11,16,-185.18518518518516,0,3,-1000.0,33901.52734375
2023-10-25,20,8,428.57142857142856,4,0,1000.0,34502.8203125
2023-10-26,14,13,37.03703703703704,4,0,1000.0,34156.6484375
2023-10-27,9,18,-333.3333333333333,0,3,-1000.0,33909.80078125
2023-10-28,21,6,555.5555555555555,2,1,333.3333333333333,34089.57421875
2023-10-29,25,2,851.8518518518518,2,1,333.3333333333333,34538.48046875
2023-10-30,21,6,555.5555555555555,3,0,1000.0,34502.36328125
2023-10-31,12,15,-111.1111111111111,0,3,-1000.0,34667.78125
2023-11-01,26,1,925.925925925926,1,1,0.0,35437.25390625
2023-11-02,6,21,-555.5555555555555,1,2,-333.3333333333333,34938.2421875
2023-11-03,13,14,-37.03703703703704,2,0,1000.0,34732.32421875
2023-11-04,26,1,925.925925925926,2,2,0.0,35082.1953125
2023-11-05,21,6,555.5555555555555,1,3,-500.0,35049.35546875
2023-11-06,25,2,851.8518518518518,2,1,333.3333333333333,35037.37109375
2023-11-07,5,22,-629.6296296296297,0,3,-1000.0,35443.5625
2023-11-08,25,2,851.8518518518518,3,0,1000.0,35655.27734375
2023-11-09,12,15,-111.1111111111111,2,3,-200.0,36693.125
2023-11-10,23,5,642.8571428571429,6,0,1000.0,37313.96875
2023-11-11,16,11,185.18518518518516,2,2,0.0,37138.05078125
2023-11-12,14,13,37.03703703703704,0,4,-1000.0,37054.51953125
2023-11-13,3,24,-777.7777777777778,2,2,0.0,36502.35546875
2023-11-14,5,23,-642.8571428571429,2,3,-200.0,35537.640625
2023-11-15,28,0,1000.0,5,1,666.6666666666666,37880.58203125
2023-11-16,4,24,-714.2857142857143,1,4,-600.0,36154.76953125
2023-11-17,15,13,71.42857142857143,2,2,0.0,36596.68359375
2023-11-18,11,16,-185.18518518518516,0,4,-1000.0,36585.703125
2023-11-19,26,1,925.925925925926,5,0,1000.0,37386.546875
2023-11-20,8,20,-428.57142857142856,0,5,-1000.0,37476.95703125
2023-11-21,0,27,-1000.0,0,4,-1000.0,35813.8125
2023-11-22,27,0,1000.0,5,0,1000.0,37432.33984375
2023-11-23,11,16,-185.18518518518516,2,3,-200.0,37289.62109375
2023-11-24,23,4,703.7037037037037,4,0,1000.0,37720.28125
2023-11-25,25,2,851.8518518518518,4,0,1000.0,37796.79296875
2023-11-26,4,23,-703.7037037037037,0,4,-1000.0,37479.12109375
2023-11-27,2,25,-851.8518518518518,1,3,-500.0,37254.16796875
2023-11-28,22,5,629.6296296296297,4,0,1000.0,37831.0859375
2023-11-29,7,20,-481.48148148148147,0,3,-1000.0,37858.4921875
2023-11-30,14,13,37.03703703703704,3,0,1000.0,37712.74609375
2023-12-01,26,1,925.925925925926,3,0,1000.0,38688.75
2023-12-02,27,1,928.5714285714286,6,0,1000.0,39476.33203125
2023-12-03,8,19,-407.4074074074074,1,2,-333.3333333333333,39978.390625
2023-12-04,22,5,629.6296296296297,5,0,1000.0,41980.09765625
2023-12-05,17,10,259.25925925925924,6,0,1000.0,44080.6484375
2023-12-06,10,18,-285.7142857142857,3,4,-142.85714285714286,43746.4453125
2023-12-07,25,2,851.8518518518518,4,2,333.3333333333333,43292.6640625
2023-12-08,27,0,1000.0,3,2,200.0,44166.6015625
2023-12-09,10,17,-259.25925925925924,1,4,-600.0,43725.984375
2023-12-10,21,6,555.5555555555555,3,2,200.0,43779.69921875
2023-12-11,4,23,-703.7037037037037,1,5,-666.6666666666666,41243.83203125
2023-12-12,18,9,333.3333333333333,1,4,-600.0,41450.22265625
2023-12-13,22,5,629.6296296296297,3,2,200.0,42890.7421875
2023-12-14,21,6,555.5555555555555,5,0,1000.0,43023.97265625
2023-12-15,3,24,-777.7777777777778,1,3,-500.0,41929.7578125
2023-12-16,20,8,428.57142857142856,4,2,333.3333333333333,42240.1171875
2023-12-17,2,26,-857.1428571428571,1,5,-666.6666666666666,41364.6640625
2023-12-18,17,10,259.25925925925924,1,4,-600.0,42623.5390625
2023-12-19,7,20,-481.48148148148147,1,4,-600.0,42270.52734375
2023-12-20,23,4,703.7037037037037,3,1,500.0,43652.25
2023-12-21,24,3,777.7777777777778,5,1,666.6666666666666,43869.15234375
2023-12-22,19,9,357.14285714285717,6,2,500.0,43997.90234375
2023-12-23,16,11,185.18518518518516,2,5,-428.57142857142856,43739.54296875
2023-12-24,7,20,-481.48148148148147,0,6,-1000.0,43016.1171875
2023-12-25,25,2,851.8518518518518,6,0,1000.0,43613.140625
2023-12-26,8,19,-407.4074074074074,0,6,-1000.0,42520.40234375
2023-12-27,17,10,259.25925925925924,4,2,333.3333333333333,43442.85546875
2023-12-28,7,20,-481.48148148148147,1,4,-600.0,42627.85546875
2023-12-29,7,21,-500.0,1,5,-666.6666666666666,42099.40234375
2023-12-30,12,15,-111.1111111111111,1,4,-600.0,42156.90234375
2023-12-31,3,24,-777.7777777777778,0,5,-1000.0,42265.1875
2024-01-01,27,1,928.5714285714286,7,0,1000.0,44167.33203125
2024-01-02,7,20,-481.48148148148147,0,6,-1000.0,44957.96875
2024-01-03,2,26,-857.1428571428571,0,7,-1000.0,42848.17578125
2024-01-04,24,3,777.7777777777778,5,0,1000.0,44179.921875
2024-01-05,4,23,-703.7037037037037,1,5,-666.6666666666666,44162.69140625
2024-01-06,2,25,-851.8518518518518,0,5,-1000.0,43989.1953125
2024-01-07,0,28,-1000.0,0,7,-1000.0,43943.09765625
2024-01-08,28,0,1000.0,6,1,714.2857142857143,46970.50390625
2024-01-09,3,24,-777.7777777777778,1,5,-666.6666666666666,46139.73046875
2024-01-10,26,1,925.925925925926,6,0,1000.0,46627.77734375
2024-01-11,21,6,555.5555555555555,4,0,1000.0,46368.5859375
2024-01-12,2,25,-851.8518518518518,0,6,-1000.0,42853.16796875
2024-01-13,22,5,629.6296296296297,6,0,1000.0,42842.3828125
2024-01-14,2,25,-851.8518518518518,2,4,-333.3333333333333,41796.26953125
2024-01-15,22,5,629.6296296296297,3,2,200.0,42511.96875
2024-01-16,18,9,333.3333333333333,2,2,0.0,43154.9453125
2024-01-17,8,19,-407.4074074074074,2,3,-200.0,42742.65234375
2024-01-18,2,26,-857.1428571428571,0,7,-1000.0,41262.05859375
2024-01-19,14,13,37.03703703703704,3,1,500.0,41618.40625
2024-01-20,18,10,285.7142857142857,4,2,333.3333333333333,41665.5859375
2024-01-21,5,23,-642.8571428571429,0,7,-1000.0,41545.78515625
2024-01-22,1,26,-925.925925925926,0,6,-1000.0,39507.3671875
2024-01-23,12,15,-111.1111111111111,2,4,-333.3333333333333,39845.55078125
2024-01-24,21,6,555.5555555555555,5,0,1000.0,40077.07421875
2024-01-25,4,23,-703.7037037037037,1,4,-600.0,39933.80859375
2024-01-26,27,0,1000.0,5,1,666.6666666666666,41816.87109375
2024-01-27,22,5,629.6296296296297,2,2,0.0,42120.0546875
2024-01-28,7,20,-481.48148148148147,1,4,-600.0,42035.59375
2024-01-29,27,0,1000.0,4,1,600.0,43288.24609375
2024-01-30,7,20,-481.48148148148147,1,4,-600.0,42952.609375
2024-01-31,1,26,-925.925925925926,0,5,-1000.0,42582.60546875
2024-02-01,21,6,555.5555555555555,2,2,0.0,43075.7734375
2024-02-02,21,6,555.5555555555555,2,2,0.0,43185.859375
2024-02-03,9,18,-333.3333333333333,0,5,-1000.0,42992.25
2024-02-04,4,23,-703.7037037037037,0,5,-1000.0,42583.58203125
2024-02-05,16,11,185.18518518518516,3,1,500.0,42658.66796875
2024-02-06,16,11,185.18518518518516,3,2,200.0,43084.671875
2024-02-07,25,2,851.8518518518518,5,0,1000.0,44318.22265625
2024-02-08,18,9,333.3333333333333,3,1,500.0,45301.56640625
2024-02-09,27,0,1000.0,6,0,1000.0,47147.19921875
2024-02-10,14,13,37.03703703703704,2,3,-200.0,47771.27734375
2024-02-11,10,17,-259.25925925925924,1,4,-600.0,48293.91796875
2024-02-12,28,0,1000.0,7,0,1000.0,49958.22265625
2024-02-13,9,19,-357.14285714285717,2,3,-200.0,49742.44140625
2024-02-14,27,1,928.5714285714286,7,0,1000.0,51826.6953125
2024-02-15,16,11,185.18518518518516,2,2,0.0,51938.5546875
2024-02-16,11,16,-185.18518518518516,1,4,-600.0,52160.203125
2024-02-17,11,16,-185.18518518518516,1,4,-600.0,51662.99609375
2024-02-18,23,4,703.7037037037037,5,0,1000.0,52122.546875
2024-02-19,21,6,555.5555555555555,4,1,600.0,51779.14453125
2024-02-20,7,20,-481.48148148148147,1,5,-666.6666666666666,52284.875
2024-02-21,4,23,-703.7037037037037,0,5,-1000.0,51839.1796875
2024-02-22,10,17,-259.25925925925924,2,3,-200.0,51304.97265625
2024-02-23,8,19,-407.4074074074074,1,4,-600.0,50731.94921875
2024-02-24,24,3,777.7777777777778,6,0,1000.0,51571.1015625
2024-02-25,14,13,37.03703703703704,4,1,600.0,51733.23828125
2024-02-26,26,1,925.925925925926,7,0,1000.0,54522.40234375
2024-02-27,17,11,214.28571428571428,8,0,1000.0,57085.37109375
2024-02-28,21,7,500.0,6,1,714.2857142857143,62504.7890625
2024-02-29,16,12,142.85714285714286,4,3,142.85714285714286,61198.3828125
2024-03-01,28,0,1000.0,8,0,1000.0,62440.6328125
2024-03-02,20,8,428.57142857142856,7,1,750.0,62029.84765625
2024-03-03,7,20,-481.48148148148147,6,1,714.2857142857143,63167.37109375
2024-03-04,19,9,357.14285714285717,5,3,250.0,68330.4140625
2024-03-05,5,22,-629.6296296296297,1,6,-714.2857142857143,63801.19921875
2024-03-06,26,2,857.1428571428571,6,2,500.0,66106.8046875
2024-03-07,20,8,428.57142857142856,2,5,-428.57142857142856,66925.484375
2024-03-08,14,14,0.0,8,0,1000.0,68300.09375
2024-03-09,16,11,185.18518518518516,5,1,666.6666666666666,68498.8828125
2024-03-10,3,25,-785.7142857142857,3,4,-142.85714285714286,69019.7890625
2024-03-11,24,4,714.2857142857143,4,2,333.3333333333333,72123.90625
2024-03-12,7,21,-500.0,1,7,-750.0,71481.2890625
2024-03-13,15,12,111.1111111111111,6,0,1000.0,73083.5
2024-03-14,8,19,-407.4074074074074,7,0,1000.0,71396.59375
2024-03-15,4,24,-714.2857142857143,1,8,-777.7777777777778,69403.7734375
2024-03-16,1,27,-928.5714285714286,1,8,-777.7777777777778,65315.1171875
2024-03-17,26,2,857.1428571428571,8,1,777.7777777777778,68390.625
2024-03-18,6,22,-571.4285714285714,0,9,-1000.0,67548.59375
2024-03-19,2,26,-857.1428571428571,1,7,-750.0,61912.7734375
2024-03-20,28,0,1000.0,9,0,1000.0,67913.671875
2024-03-21,11,17,-214.28571428571428,2,6,-500.0,65491.390625
2024-03-22,4,24,-714.2857142857143,2,7,-555.5555555555555,63778.76171875
2024-03-23,18,10,285.7142857142857,5,2,428.57142857142856,64062.203125
2024-03-24,28,0,1000.0,9,0,1000.0,67234.171875
2024-03-25,27,1,928.5714285714286,5,3,250.0,69958.8125
2024-03-26,20,8,428.57142857142856,5,3,250.0,69987.8359375
2024-03-27,6,22,-571.4285714285714,1,7,-750.0,69455.34375
2024-03-28,20,8,428.57142857142856,8,0,1000.0,70744.953125
2024-03-29,11,17,-214.28571428571428,2,6,-500.0,69892.828125
2024-03-30,3,25,-785.7142857142857,5,3,250.0,69645.3046875
2024-03-31,26,2,857.1428571428571,9,0,1000.0,71333.6484375
2024-04-01,3,25,-785.7142857142857,2,7,-555.5555555555555,69702.1484375
2024-04-02,1,27,-928.5714285714286,0,9,-1000.0,65446.97265625
2024-04-03,8,19,-407.4074074074074,0,7,-1000.0,65980.8125
2024-04-04,23,5,642.8571428571429,6,2,500.0,68508.84375
2024-04-05,3,25,-785.7142857142857,0,8,-1000.0,67837.640625
2024-04-06,25,2,851.8518518518518,7,0,1000.0,68896.109375
2024-04-07,22,6,571.4285714285714,7,1,750.0,69362.5546875
2024-04-08,27,1,928.5714285714286,8,0,1000.0,71631.359375
2024-04-09,1,27,-928.5714285714286,0,9,-1000.0,69139.015625
2024-04-10,12,16,-142.85714285714286,7,1,750.0,70587.8828125
2024-04-11,5,22,-629.6296296296297,0,7,-1000.0,70060.609375
2024-04-12,0,28,-1000.0,0,10,-1000.0,67195.8671875
2024-04-13,0,28,-1000.0,0,9,-1000.0,63821.47265625
2024-04-14,28,0,1000.0,9,0,1000.0,65738.7265625
2024-04-15,0,28,-1000.0,0,9,-1000.0,63426.2109375
2024-04-16,13,15,-71.42857142857143,3,4,-142.85714285714286,63811.86328125
2024-04-17,3,25,-785.7142857142857,1,7,-750.0,61276.69140625
2024-04-18,27,1,928.5714285714286,9,0,1000.0,63512.75390625
2024-04-19,17,10,259.25925925925924,5,1,666.6666666666666,63843.5703125
2024-04-20,28,0,1000.0,9,0,1000.0,64994.44140625
2024-04-21,6,21,-555.5555555555555,2,5,-428.57142857142856,64926.64453125
2024-04-22,27,1,928.5714285714286,7,2,555.5555555555555,66837.6796875
2024-04-23,3,24,-777.7777777777778,7,1,750.0,66407.2734375
2024-04-24,1,27,-928.5714285714286,1,7,-750.0,64276.8984375
2024-04-25,15,12,111.1111111111111,7,1,750.0,64481.70703125
2024-04-26,6,22,-571.4285714285714,0,9,-1000.0,63755.3203125
2024-04-27,16,11,185.18518518518516,1,6,-714.2857142857143,63419.140625
2024-04-28,7,21,-500.0,0,7,-1000.0,63113.23046875
2024-04-29,8,19,-407.4074074074074,4,2,333.3333333333333,63841.12109375
2024-04-30,1,27,-928.5714285714286,0,8,-1000.0,60636.85546875
2024-05-01,19,9,357.14285714285717,5,2,428.57142857142856,58254.01171875
2024-05-02,19,8,407.4074074074074,7,1,750.0,59123.43359375
2024-05-03,26,2,857.1428571428571,8,0,1000.0,62889.8359375
2024-05-04,14,14,0.0,9,0,1000.0,63891.47265625
2024-05-05,20,7,481.48148148148147,2,5,-428.57142857142856,64031.1328125
2024-05-06,8,20,-428.57142857142856,3,6,-333.3333333333333,63161.94921875
2024-05-07,4,24,-714.2857142857143,1,8,-777.7777777777778,62334.81640625
2024-05-08,5,22,-629.6296296296297,1,6,-714.2857142857143,61187.94140625
2024-05-09,27,0,1000.0,8,0,1000.0,63049.9609375
2024-05-10,2,26,-857.1428571428571,1,8,-777.7777777777778,60792.77734375
2024-05-11,9,18,-333.3333333333333,4,2,333.3333333333333,60793.7109375
2024-05-12,12,15,-111.1111111111111,1,6,-714.2857142857143,61448.39453125
2024-05-13,11,17,-214.28571428571428,8,1,777.7777777777778,62901.44921875
2024-05-14,1,26,-925.925925925926,3,4,-142.85714285714286,61552.7890625
2024-05-15,28,0,1000.0,8,0,1000.0,66267.4921875
2024-05-16,9,18,-333.3333333333333,1,7,-750.0,65231.58203125
2024-05-17,26,1,925.925925925926,5,1,666.6666666666666,67051.875
2024-05-18,13,14,-37.03703703703704,1,6,-714.2857142857143,66940.8046875
2024-05-19,2,26,-857.1428571428571,0,9,-1000.0,66278.3671875
2024-05-20,28,0,1000.0,9,0,1000.0,71448.1953125
2024-05-21,11,16,-185.18518518518516,7,1,750.0,70136.53125
2024-05-22,3,25,-785.7142857142857,3,6,-333.3333333333333,69122.3359375
2024-05-23,6,21,-555.5555555555555,4,4,0.0,67929.5625
2024-05-24,15,13,71.42857142857143,2,7,-555.5555555555555,68526.1015625
2024-05-25,20,8,428.57142857142856,8,1,777.7777777777778,69265.9453125
2024-05-26,5,23,-642.8571428571429,3,5,-250.0,68518.09375
2024-05-27,25,3,785.7142857142857,10,0,1000.0,69394.5546875
2024-05-28,5,23,-642.8571428571429,7,3,400.0,68296.21875
2024-05-29,4,24,-714.2857142857143,1,8,-777.7777777777778,67578.09375
2024-05-30,7,21,-500.0,0,9,-1000.0,68364.9921875
2024-05-31,7,21,-500.0,5,3,250.0,67491.4140625
2024-06-01,16,11,185.18518518518516,3,5,-250.0,67706.9375
2024-06-02,3,24,-777.7777777777778,0,8,-1000.0,67751.6015625
2024-06-03,18,10,285.7142857142857,5,3,250.0,68804.78125
2024-06-04,27,1,928.5714285714286,8,0,1000.0,70567.765625
2024-06-05,25,3,785.7142857142857,7,2,555.5555555555555,71082.8203125
2024-06-06,5,23,-642.8571428571429,3,6,-333.3333333333333,70757.1640625
2024-06-07,1,27,-928.5714285714286,0,9,-1000.0,69342.5859375
2024-06-08,3,25,-785.7142857142857,0,9,-1000.0,69305.7734375
2024-06-09,23,4,703.7037037037037,6,1,714.2857142857143,69647.9921875
2024-06-10,4,23,-703.7037037037037,0,8,-1000.0,69512.28125
2024-06-11,0,28,-1000.0,1,7,-750.0,67332.03125
2024-06-12,27,0,1000.0,5,2,428.57142857142856,68241.1875
2024-06-13,2,26,-857.1428571428571,1,8,-777.7777777777778,66756.3984375
2024-06-14,3,25,-785.7142857142857,0,9,-1000.0,66011.09375
2024-06-15,21,7,500.0,7,1,750.0,66191.0
2024-06-16,21,6,555.5555555555555,7,0,1000.0,66639.046875
2024-06-17,1,27,-928.5714285714286,0,9,-1000.0,66490.296875
2024-06-18,1,27,-928.5714285714286,0,8,-1000.0,65140.74609375
2024-06-19,24,3,777.7777777777778,5,1,666.6666666666666,64960.296875
2024-06-20,12,15,-111.1111111111111,5,1,666.6666666666666,64828.65625
2024-06-21,8,19,-407.4074074074074,0,7,-1000.0,64096.19921875
2024-06-22,7,20,-481.48148148148147,3,3,0.0,64252.578125
2024-06-23,1,26,-925.925925925926,0,7,-1000.0,63180.796875
2024-06-24,16,12,142.85714285714286,5,3,250.0,60277.4140625
2024-06-25,26,2,857.1428571428571,8,1,777.7777777777778,61804.640625
2024-06-26,5,23,-642.8571428571429,0,8,-1000.0,60811.27734375
2024-06-27,26,2,857.1428571428571,9,0,1000.0,61604.80078125
2024-06-28,2,26,-857.1428571428571,0,9,-1000.0,60320.13671875
2024-06-29,8,19,-407.4074074074074,1,6,-714.2857142857143,60887.37890625
2024-06-30,27,0,1000.0,8,0,1000.0,62678.29296875
2024-07-01,12,15,-111.1111111111111,2,6,-500.0,62851.98046875
2024-07-02,17,10,259.25925925925924,2,5,-428.57142857142856,62029.015625
2024-07-03,0,28,-1000.0,0,10,-1000.0,60173.921875
2024-07-04,0,28,-1000.0,0,9,-1000.0,56977.703125
2024-07-05,9,18,-333.3333333333333,3,4,-142.85714285714286,56662.375
2024-07-06,28,0,1000.0,10,0,1000.0,58303.5390625
2024-07-07,0,28,-1000.0,0,10,-1000.0,55849.109375
2024-07-08,25,2,851.8518518518518,6,2,500.0,56705.09765625
2024-07-09,24,3,777.7777777777778,6,2,500.0,58009.2265625
2024-07-10,16,11,185.18518518518516,4,2,333.3333333333333,57742.49609375
2024-07-11,11,16,-185.18518518518516,0,7,-1000.0,57344.9140625
2024-07-12,24,3,777.7777777777778,5,2,428.57142857142856,57899.46484375
2024-07-13,24,4,714.2857142857143,5,2,428.57142857142856,59231.953125
2024-07-14,25,3,785.7142857142857,8,0,1000.0,60787.79296875
2024-07-15,27,1,928.5714285714286,9,0,1000.0,64870.15234375
2024-07-16,14,13,37.03703703703704,5,3,250.0,65097.1484375
2024-07-17,9,18,-333.3333333333333,1,6,-714.2857142857143,64118.79296875
2024-07-18,9,19,-357.14285714285717,1,6,-714.2857142857143,63974.06640625
2024-07-19,27,1,928.5714285714286,9,0,1000.0,66710.15625
2024-07-20,15,12,111.1111111111111,5,3,250.0,67163.6484375
2024-07-21,24,3,777.7777777777778,7,0,1000.0,68154.5234375
2024-07-22,1,26,-925.925925925926,1,6,-714.2857142857143,67585.25
2024-07-23,6,22,-571.4285714285714,1,8,-777.7777777777778,65927.671875
2024-07-24,4,23,-703.7037037037037,1,7,-750.0,65372.1328125
2024-07-25,4,24,-714.2857142857143,1,7,-750.0,65777.2265625
2024-07-26,27,1,928.5714285714286,9,0,1000.0,67912.0625
2024-07-27,10,17,-259.25925925925924,1,6,-714.2857142857143,67813.3359375
2024-07-28,6,21,-555.5555555555555,1,5,-666.6666666666666,68255.8671875
2024-07-29,9,18,-333.3333333333333,2,5,-428.57142857142856,66819.9140625
2024-07-30,5,23,-642.8571428571429,2,7,-555.5555555555555,66201.015625
2024-07-31,3,24,-777.7777777777778,0,7,-1000.0,64619.25
2024-08-01,6,21,-555.5555555555555,0,6,-1000.0,65357.5
2024-08-02,0,28,-1000.0,0,10,-1000.0,61415.06640625
2024-08-03,3,25,-785.7142857142857,0,8,-1000.0,60680.09375
2024-08-04,0,28,-1000.0,0,9,-1000.0,58116.9765625
2024-08-05,1,26,-925.925925925926,0,8,-1000.0,53991.45703125
2024-08-06,27,0,1000.0,8,0,1000.0,56034.31640625
2024-08-07,6,21,-555.5555555555555,3,5,-250.0,55027.4609375
2024-08-08,28,0,1000.0,10,0,1000.0,61710.13671875
2024-08-09,1,26,-925.925925925926,0,8,-1000.0,60880.11328125
2024-08-10,18,9,333.3333333333333,3,5,-250.0,60945.8125
2024-08-11,0,28,-1000.0,0,8,-1000.0,58719.484375
2024-08-12,27,1,928.5714285714286,8,0,1000.0,59354.515625
2024-08-13,19,8,407.4074074074074,2,4,-333.3333333333333,60609.56640625
2024-08-14,3,24,-777.7777777777778,0,7,-1000.0,58737.26953125
2024-08-15,2,26,-857.1428571428571,0,8,-1000.0,57560.09765625
2024-08-16,17,10,259.25925925925924,1,6,-714.2857142857143,58894.10546875
2024-08-17,24,3,777.7777777777778,6,0,1000.0,59478.97265625
2024-08-18,6,21,-555.5555555555555,1,4,-600.0,58483.96484375
2024-08-19,26,1,925.925925925926,5,2,428.57142857142856,59493.453125
2024-08-20,17,11,214.28571428571428,6,1,714.2857142857143,59012.79296875
2024-08-21,23,4,703.7037037037037,6,1,714.2857142857143,61175.19140625
2024-08-22,18,9,333.3333333333333,3,3,0.0,60381.9140625
2024-08-23,28,0,1000.0,9,0,1000.0,64094.35546875
2024-08-24,22,6,571.4285714285714,7,1,750.0,64178.9921875
2024-08-25,6,22,-571.4285714285714,0,8,-1000.0,64333.54296875
2024-08-26,0,27,-1000.0,0,7,-1000.0,62880.66015625
2024-08-27,0,28,-1000.0,0,9,-1000.0,59504.1328125
2024-08-28,10,17,-259.25925925925924,3,3,0.0,59027.625
2024-08-29,11,16,-185.18518518518516,2,4,-333.3333333333333,59388.1796875
2024-08-30,15,12,111.1111111111111,4,2,333.3333333333333,59119.4765625
2024-08-31,2,25,-851.8518518518518,0,7,-1000.0,58969.8984375
2024-09-01,1,27,-928.5714285714286,0,9,-1000.0,57325.48828125
2024-09-02,28,0,1000.0,9,0,1000.0,59112.48046875
2024-09-03,0,28,-1000.0,0,9,-1000.0,57431.0234375
2024-09-04,25,3,785.7142857142857,7,0,1000.0,57971.5390625
2024-09-05,3,25,-785.7142857142857,1,7,-750.0,56160.48828125
2024-09-06,1,26,-925.925925925926,0,6,-1000.0,53948.75390625
2024-09-07,22,5,629.6296296296297,5,1,666.6666666666666,54139.6875
2024-09-08,25,2,851.8518518518518,6,0,1000.0,54841.56640625
2024-09-09,28,0,1000.0,8,0,1000.0,57019.53515625
2024-09-10,20,7,481.48148148148147,3,3,0.0,57648.7109375
2024-09-11,9,19,-357.14285714285717,0,7,-1000.0,57343.171875
2024-09-12,24,4,714.2857142857143,6,1,714.2857142857143,58127.01171875
2024-09-13,23,4,703.7037037037037,8,0,1000.0,60571.30078125
2024-09-14,10,17,-259.25925925925924,1,6,-714.2857142857143,60005.12109375
2024-09-15,3,25,-785.7142857142857,0,9,-1000.0,59182.8359375
2024-09-16,1,26,-925.925925925926,2,4,-333.3333333333333,58192.5078125
2024-09-17,23,4,703.7037037037037,7,0,1000.0,60308.5390625
2024-09-18,27,1,928.5714285714286,8,0,1000.0,61649.6796875
2024-09-19,26,1,925.925925925926,7,0,1000.0,62940.45703125
2024-09-20,24,3,777.7777777777778,4,2,333.3333333333333,63192.9765625
2024-09-21,27,1,928.5714285714286,6,1,714.2857142857143,63394.83984375
2024-09-22,7,20,-481.48148148148147,0,7,-1000.0,63648.7109375
2024-09-23,20,8,428.57142857142856,7,1,750.0,63329.80078125
2024-09-24,24,4,714.2857142857143,9,0,1000.0,64301.96875
2024-09-25,4,23,-703.7037037037037,1,6,-714.2857142857143,63143.14453125
2024-09-26,24,4,714.2857142857143,9,0,1000.0,65181.01953125
2024-09-27,26,2,857.1428571428571,10,0,1000.0,65790.6640625
2024-09-28,7,20,-481.48148148148147,4,3,142.85714285714286,65887.6484375
2024-09-29,11,17,-214.28571428571428,3,5,-250.0,65635.3046875
2024-09-30,2,26,-857.1428571428571,2,8,-600.0,63329.5
2024-10-01,0,28,-1000.0,0,7,-1000.0,60837.0078125
2024-10-02,2,25,-851.8518518518518,0,8,-1000.0,60632.78515625
2024-10-03,13,14,-37.03703703703704,1,6,-714.2857142857143,60759.40234375
2024-10-04,28,0,1000.0,9,0,1000.0,62067.4765625
2024-10-05,9,18,-333.3333333333333,1,7,-750.0,62089.94921875
2024-10-06,27,1,928.5714285714286,10,0,1000.0,62818.953125
2024-10-07,5,23,-642.8571428571429,2,6,-500.0,62236.66015625
2024-10-08,7,20,-481.48148148148147,1,5,-666.6666666666666,62131.96875
2024-10-09,2,25,-851.8518518518518,1,8,-777.7777777777778,60582.1015625
2024-10-10,14,13,37.03703703703704,4,2,333.3333333333333,60274.5
2024-10-11,27,1,928.5714285714286,10,0,1000.0,62445.08984375
2024-10-12,25,2,851.8518518518518,5,1,666.6666666666666,63193.0234375
2024-10-13,4,23,-703.7037037037037,1,6,-714.2857142857143,62851.375
2024-10-14,24,4,714.2857142857143,9,0,1000.0,66046.125
2024-10-15,9,19,-357.14285714285717,2,7,-555.5555555555555,67041.109375
2024-10-16,10,18,-285.7142857142857,5,3,250.0,67612.71875
2024-10-17,4,24,-714.2857142857143,1,7,-750.0,67399.8359375
2024-10-18,26,2,857.1428571428571,9,0,1000.0,68418.7890625
2024-10-19,13,14,-37.03703703703704,3,4,-142.85714285714286,68362.734375
2024-10-20,24,3,777.7777777777778,3,3,0.0,69001.703125
2024-10-21,4,24,-714.2857142857143,1,8,-777.7777777777778,67367.8515625
2024-10-22,5,22,-629.6296296296297,2,4,-333.3333333333333,67361.40625
2024-10-23,4,23,-703.7037037037037,2,5,-428.57142857142856,66432.1953125
2024-10-24,23,4,703.7037037037037,7,0,1000.0,68161.0546875
2024-10-25,0,28,-1000.0,0,9,-1000.0,66642.4140625
2024-10-26,23,4,703.7037037037037,7,0,1000.0,67014.6953125
2024-10-27,23,4,703.7037037037037,6,0,1000.0,67929.296875
2024-10-28,25,3,785.7142857142857,3,4,-142.85714285714286,69907.7578125
2024-10-29,27,1,928.5714285714286,9,0,1000.0,72720.4921875
2024-10-30,9,19,-357.14285714285717,1,7,-750.0,72339.5390625
2024-10-31,0,27,-1000.0,0,8,-1000.0,70215.1875
2024-11-01,5,22,-629.6296296296297,0,7,-1000.0,69482.46875
2024-11-02,2,26,-857.1428571428571,1,6,-714.2857142857143,69289.2734375
2024-11-03,1,26,-925.925925925926,0,8,-1000.0,68741.1171875
2024-11-04,3,24,-777.7777777777778,1,5,-666.6666666666666,67811.5078125
2024-11-05,27,1,928.5714285714286,9,0,1000.0,69359.5625
2024-11-06,28,0,1000.0,9,0,1000.0,75639.078125
2024-11-07,19,8,407.4074074074074,2,5,-428.57142857142856,75904.859375
2024-11-08,16,11,185.18518518518516,1,6,-714.2857142857143,76545.4765625
2024-11-09,27,1,928.5714285714286,7,0,1000.0,76778.8671875
2024-11-10,25,3,785.7142857142857,9,0,1000.0,80474.1875
2024-11-11,28,0,1000.0,8,1,777.7777777777778,88701.484375
2024-11-12,5,23,-642.8571428571429,8,1,777.7777777777778,87955.8125
2024-11-13,6,22,-571.4285714285714,7,1,750.0,90584.1640625
2024-11-14,8,20,-428.57142857142856,0,8,-1000.0,87250.4296875
2024-11-15,27,1,928.5714285714286,10,0,1000.0,91066.0078125
2024-11-16,22,5,629.6296296296297,1,7,-750.0,90558.4765625
2024-11-17,4,23,-703.7037037037037,6,2,500.0,89845.8515625
2024-11-18,26,1,925.925925925926,2,6,-500.0,90542.640625
2024-11-19,6,21,-555.5555555555555,2,5,-428.57142857142856,92343.7890625
2024-11-20,4,24,-714.2857142857143,1,8,-777.7777777777778,94339.4921875
2024-11-21,28,0,1000.0,9,1,800.0,98504.7265625
2024-11-22,23,4,703.7037037037037,2,5,-428.57142857142856,98997.6640625
2024-11-23,23,5,642.8571428571429,6,2,500.0,97777.28125
2024-11-24,16,11,185.18518518518516,1,6,-714.2857142857143,98013.8203125
2024-11-25,5,23,-642.8571428571429,2,8,-600.0,93102.296875
2024-11-26,12,16,-142.85714285714286,0,8,-1000.0,91985.3203125
2024-11-27,26,2,857.1428571428571,10,0,1000.0,95962.53125
2024-11-28,14,13,37.03703703703704,4,4,0.0,95652.46875
2024-11-29,24,3,777.7777777777778,8,0,1000.0,97461.5234375
2024-11-30,17,11,214.28571428571428,4,4,0.0,96449.0546875
2024-12-01,18,10,285.7142857142857,8,2,600.0,97279.7890625
2024-12-02,19,9,357.14285714285717,0,9,-1000.0,95865.3046875
2024-12-03,16,12,142.85714285714286,4,4,0.0,96002.1640625
2024-12-04,17,11,214.28571428571428,7,1,750.0,98768.53125
2024-12-05,10,18,-285.7142857142857,2,7,-555.5555555555555,96593.5703125
2024-12-06,26,1,925.925925925926,9,0,1000.0,99920.7109375
2024-12-07,10,18,-285.7142857142857,9,0,1000.0,99923.3359375
2024-12-08,12,15,-111.1111111111111,4,4,0.0,101236.015625
2024-12-09,0,28,-1000.0,0,9,-1000.0,97432.71875
2024-12-10,5,22,-629.6296296296297,0,8,-1000.0,96675.4296875
2024-12-11,27,1,928.5714285714286,9,0,1000.0,101173.03125
2024-12-12,16,12,142.85714285714286,0,8,-1000.0,100043.0
2024-12-13,21,7,500.0,5,4,111.1111111111111,101459.2578125
2024-12-14,1,27,-928.5714285714286,1,8,-777.7777777777778,101372.96875
2024-12-15,28,0,1000.0,7,2,555.5555555555555,104298.6953125
2024-12-16,6,22,-571.4285714285714,0,8,-1000.0,106029.71875
2024-12-17,8,20,-428.57142857142856,0,9,-1000.0,106140.6015625
2024-12-18,0,28,-1000.0,0,9,-1000.0,100041.5390625
2024-12-19,0,28,-1000.0,0,10,-1000.0,97490.953125
2024-12-20,25,2,851.8518518518518,8,0,1000.0,97755.9296875
2024-12-21,3,24,-777.7777777777778,1,7,-750.0,97224.7265625
2024-12-22,4,24,-714.2857142857143,6,2,500.0,95104.9375
2024-12-23,27,1,928.5714285714286,8,0,1000.0,94686.2421875
2024-12-24,26,2,857.1428571428571,9,0,1000.0,98676.09375
2024-12-25,5,22,-629.6296296296297,1,5,-666.6666666666666,99299.1953125
2024-12-26,0,28,-1000.0,0,9,-1000.0,95795.515625
2024-12-27,7,20,-481.48148148148147,5,3,250.0,94164.859375
2024-12-28,27,0,1000.0,8,0,1000.0,95163.9296875
2024-12-29,0,28,-1000.0,0,9,-1000.0,93530.2265625
2024-12-30,10,17,-259.25925925925924,3,3,0.0,92643.2109375
2024-12-31,5,22,-629.6296296296297,5,2,428.57142857142856,93429.203125
2025-01-01,28,0,1000.0,6,3,333.3333333333333,94419.7578125
2025-01-02,26,2,857.1428571428571,9,0,1000.0,96886.875
2025-01-03,28,0,1000.0,10,0,1000.0,98107.4296875
2025-01-04,15,12,111.1111111111111,2,5,-428.57142857142856,98236.2265625
2025-01-05,13,14,-37.03703703703704,1,5,-666.6666666666666,98314.9609375
2025-01-06,21,6,555.5555555555555,6,1,714.2857142857143,102078.0859375
2025-01-07,0,28,-1000.0,0,10,-1000.0,96922.703125
2025-01-08,3,25,-785.7142857142857,0,9,-1000.0,95043.5234375
2025-01-09,1,26,-925.925925925926,0,8,-1000.0,92484.0390625
2025-01-10,28,0,1000.0,9,0,1000.0,94701.453125
2025-01-11,15,12,111.1111111111111,3,3,0.0,94566.59375
2025-01-12,3,24,-777.7777777777778,0,6,-1000.0,94488.4375
2025-01-13,5,23,-642.8571428571429,1,8,-777.7777777777778,94516.5234375
2025-01-14,25,3,785.7142857142857,8,0,1000.0,96534.046875
2025-01-15,28,0,1000.0,9,0,1000.0,100504.4921875
2025-01-16,8,20,-428.57142857142856,0,9,-1000.0,99756.90625
2025-01-17,28,0,1000.0,9,0,1000.0,104462.0390625
2025-01-18,3,25,-785.7142857142857,1,8,-777.7777777777778,104408.0703125
2025-01-19,1,27,-928.5714285714286,0,9,-1000.0,101089.609375
2025-01-20,21,6,555.5555555555555,1,6,-714.2857142857143,102016.6640625
2025-01-21,24,4,714.2857142857143,7,1,750.0,106146.265625
2025-01-22,3,25,-785.7142857142857,1,7,-750.0,103653.0703125
2025-01-23,12,15,-111.1111111111111,1,6,-714.2857142857143,103960.171875
2025-01-24,5,22,-629.6296296296297,0,8,-1000.0,104819.484375
2025-01-25,14,13,37.03703703703704,4,2,333.3333333333333,104714.6484375
2025-01-26,1,27,-928.5714285714286,0,9,-1000.0,102682.5
2025-01-27,7,20,-481.48148148148147,0,8,-1000.0,102087.6875
2025-01-28,3,25,-785.7142857142857,0,9,-1000.0,101332.4765625
2025-01-29,24,3,777.7777777777778,8,0,1000.0,103703.2109375
2025-01-30,28,0,1000.0,8,1,777.7777777777778,104735.3046875
2025-01-31,10,17,-259.25925925925924,4,3,142.85714285714286,102405.0234375
2025-02-01,0,28,-1000.0,0,9,-1000.0,100655.90625
2025-02-02,0,28,-1000.0,0,9,-1000.0,97688.9765625
2025-02-03,23,5,642.8571428571429,7,1,750.0,101405.421875
2025-02-04,0,28,-1000.0,0,9,-1000.0,97871.8203125
2025-02-05,4,23,-703.7037037037037,0,6,-1000.0,96615.4453125
2025-02-06,1,27,-928.5714285714286,0,9,-1000.0,96593.296875
2025-02-07,16,11,185.18518518518516,1,4,-600.0,96529.0859375
2025-02-08,26,2,857.1428571428571,9,0,1000.0,96482.453125
2025-02-09,15,12,111.1111111111111,1,6,-714.2857142857143,96500.09375
2025-02-10,24,3,777.7777777777778,5,1,666.6666666666666,97437.5546875
2025-02-11,8,19,-407.4074074074074,1,6,-714.2857142857143,95747.4296875
2025-02-12,26,2,857.1428571428571,6,1,714.2857142857143,97885.859375
2025-02-13,6,22,-571.4285714285714,0,7,-1000.0,96623.8671875
2025-02-14,23,5,642.8571428571429,8,0,1000.0,97508.96875
2025-02-15,4,24,-714.2857142857143,0,8,-1000.0,97580.3515625
2025-02-16,4,23,-703.7037037037037,0,7,-1000.0,96175.03125
2025-02-17,14,13,37.03703703703704,1,5,-666.6666666666666,95773.3828125
2025-02-18,2,26,-857.1428571428571,0,9,-1000.0,95539.546875
2025-02-19,24,3,777.7777777777778,4,3,142.85714285714286,96635.609375
2025-02-20,23,5,642.8571428571429,8,0,1000.0,98333.9375
2025-02-21,1,27,-928.5714285714286,1,8,-777.7777777777778,96125.546875
2025-02-22,25,3,785.7142857142857,9,0,1000.0,96577.7578125
2025-02-23,8,20,-428.57142857142856,0,8,-1000.0,96273.921875
2025-02-24,0,28,-1000.0,0,9,-1000.0,91418.171875
2025-02-25,17,10,259.25925925925924,5,1,666.6666666666666,88736.171875
2025-02-26,10,17,-259.25925925925924,4,1,600.0,84347.0234375
2025-02-27,16,11,185.18518518518516,3,2,200.0,84704.2265625
2025-02-28,11,16,-185.18518518518516,5,2,428.57142857142856,84373.0078125
2025-03-01,11,16,-185.18518518518516,1,5,-666.6666666666666,86031.9140625
2025-03-02,28,0,1000.0,9,0,1000.0,94248.3515625
2025-03-03,0,28,-1000.0,0,9,-1000.0,86065.671875
2025-03-04,12,15,-111.1111111111111,1,5,-666.6666666666666,87222.1953125
2025-03-05,27,0,1000.0,5,1,666.6666666666666,90623.5625
2025-03-06,7,20,-481.48148148148147,0,6,-1000.0,89961.7265625
2025-03-07,4,23,-703.7037037037037,0,6,-1000.0,86742.671875
2025-03-08,5,22,-629.6296296296297,1,6,-714.2857142857143,86154.59375
2025-03-09,0,28,-1000.0,0,9,-1000.0,80601.0390625
2025-03-10,1,26,-925.925925925926,1,5,-666.6666666666666,78532.0
2025-03-11,27,0,1000.0,6,0,1000.0,82862.2109375
2025-03-12,21,6,555.5555555555555,8,0,1000.0,83722.359375
2025-03-13,6,21,-555.5555555555555,0,7,-1000.0,81066.703125
2025-03-14,28,0,1000.0,8,0,1000.0,83969.1015625
2025-03-15,25,2,851.8518518518518,5,1,666.6666666666666,84343.109375
2025-03-16,0,27,-1000.0,0,7,-1000.0,82579.6875
2025-03-17,27,0,1000.0,7,0,1000.0,84075.6875
2025-03-18,8,19,-407.4074074074074,0,5,-1000.0,82718.5
2025-03-19,26,1,925.925925925926,7,0,1000.0,86854.2265625
2025-03-20,2,25,-851.8518518518518,1,6,-714.2857142857143,84167.1953125
2025-03-21,4,23,-703.7037037037037,0,7,-1000.0,84043.2421875
2025-03-22,17,10,259.25925925925924,5,0,1000.0,83832.484375
2025-03-23,24,3,777.7777777777778,6,1,714.2857142857143,86054.375
2025-03-24,28,0,1000.0,9,0,1000.0,87498.9140625
2025-03-25,20,7,481.48148148148147,4,1,600.0,87471.703125
2025-03-26,5,22,-629.6296296296297,3,4,-142.85714285714286,86900.8828125
2025-03-27,16,11,185.18518518518516,0,6,-1000.0,87177.1015625
2025-03-28,0,28,-1000.0,0,9,-1000.0,84353.1484375
2025-03-29,0,27,-1000.0,0,8,-1000.0,82597.5859375
2025-03-30,8,20,-428.57142857142856,1,5,-666.6666666666666,82334.5234375
2025-03-31,14,13,37.03703703703704,3,3,0.0,82548.9140625
2025-04-01,28,0,1000.0,7,2,555.5555555555555,85169.171875
2025-04-02,0,28,-1000.0,0,9,-1000.0,82485.7109375
2025-04-03,21,6,555.5555555555555,1,4,-600.0,83102.828125
2025-04-04,19,8,407.4074074074074,5,1,666.6666666666666,83843.8046875
2025-04-05,3,24,-777.7777777777778,1,5,-666.6666666666666,83504.796875
2025-04-06,0,28,-1000.0,0,9,-1000.0,78214.484375
2025-04-07,20,7,481.48148148148147,6,0,1000.0,79235.3359375
2025-04-08,0,27,-1000.0,0,6,-1000.0,76271.953125
2025-04-09,28,0,1000.0,9,0,1000.0,82573.953125
2025-04-10,2,25,-851.8518518518518,0,6,-1000.0,79626.140625
2025-04-11,25,2,851.8518518518518,7,0,1000.0,83404.8359375
2025-04-12,28,0,1000.0,8,0,1000.0,85287.109375
2025-04-13,1,27,-928.5714285714286,0,8,-1000.0,83684.9765625
2025-04-14,12,15,-111.1111111111111,0,6,-1000.0,84542.390625
2025-04-15,0,27,-1000.0,0,7,-1000.0,83668.9921875
2025-04-16,10,17,-259.25925925925924,2,4,-333.3333333333333,84033.8671875
2025-04-17,24,3,777.7777777777778,3,2,200.0,84895.75
2025-04-18,20,7,481.48148148148147,6,0,1000.0,84450.8046875
2025-04-19,25,2,851.8518518518518,4,3,142.85714285714286,85063.4140625
2025-04-20,13,14,-37.03703703703704,4,1,600.0,85174.3046875
2025-04-21,16,11,185.18518518518516,2,3,-200.0,87518.90625
2025-04-22,28,0,1000.0,10,0,1000.0,93441.890625
2025-04-23,19,8,407.4074074074074,5,1,666.6666666666666,93699.109375
2025-04-24,20,7,481.48148148148147,5,2,428.57142857142856,93943.796875
2025-04-25,14,13,37.03703703703704,6,1,714.2857142857143,94720.5
2025-04-26,17,10,259.25925925925924,5,2,428.57142857142856,94646.9296875
2025-04-27,3,25,-785.7142857142857,1,7,-750.0,93754.84375
2025-04-28,22,6,571.4285714285714,7,1,750.0,94978.75
2025-04-29,2,26,-857.1428571428571,0,8,-1000.0,94284.7890625
2025-04-30,7,20,-481.48148148148147,4,3,142.85714285714286,94207.3125
2025-05-01,25,2,851.8518518518518,3,3,0.0,96492.3359375
2025-05-02,13,14,-37.03703703703704,4,1,600.0,96910.0703125
2025-05-03,2,25,-851.8518518518518,0,8,-1000.0,95891.796875
2025-05-04,0,27,-1000.0,1,6,-714.2857142857143,94315.9765625
2025-05-05,13,14,-37.03703703703704,3,4,-142.85714285714286,94748.0546875
2025-05-06,19,8,407.4074074074074,3,3,0.0,96802.4765625
2025-05-07,8,19,-407.4074074074074,3,2,200.0,97032.3203125
2025-05-08,28,0,1000.0,9,0,1000.0,103241.4609375
2025-05-09,25,3,785.7142857142857,9,0,1000.0,102970.8515625
2025-05-10,27,1,928.5714285714286,9,0,1000.0,104696.328125
2025-05-11,0,28,-1000.0,0,8,-1000.0,104106.359375
2025-05-12,13,14,-37.03703703703704,4,3,142.85714285714286,102812.953125
2025-05-13,25,2,851.8518518518518,6,0,1000.0,104169.8125
2025-05-14,0,27,-1000.0,0,7,-1000.0,103539.4140625
2025-05-15,1,27,-928.5714285714286,0,9,-1000.0,103744.640625
2025-05-16,6,21,-555.5555555555555,3,4,-142.85714285714286,103489.2890625
2025-05-17,1,27,-928.5714285714286,0,9,-1000.0,103191.0859375
2025-05-18,28,0,1000.0,9,0,1000.0,106446.0078125
2025-05-19,3,24,-777.7777777777778,1,7,-750.0,105606.1796875
2025-05-20,21,6,555.5555555555555,2,3,-200.0,106791.0859375
2025-05-21,26,1,925.925925925926,8,0,1000.0,109678.078125
2025-05-22,26,1,925.925925925926,8,0,1000.0,111673.28125
2025-05-23,0,28,-1000.0,0,9,-1000.0,107287.796875
2025-05-24,16,11,185.18518518518516,5,1,666.6666666666666,107791.15625
2025-05-25,15,12,111.1111111111111,1,5,-666.6666666666666,109035.390625
2025-05-26,10,17,-259.25925925925924,2,4,-333.3333333333333,109440.3671875
2025-05-27,21,6,555.5555555555555,6,1,714.2857142857143,108994.640625
2025-05-28,12,15,-111.1111111111111,3,3,0.0,107802.328125
2025-05-29,0,27,-1000.0,0,8,-1000.0,105641.7578125
2025-05-30,1,27,-928.5714285714286,0,9,-1000.0,103998.5703125
2025-05-31,17,10,259.25925925925924,5,2,428.57142857142856,104638.09375
2025-06-01,21,6,555.5555555555555,6,0,1000.0,105652.1015625
2025-06-02,24,3,777.7777777777778,5,1,666.6666666666666,105881.53125
2025-06-03,12,15,-111.1111111111111,3,3,0.0,105432.46875
2025-06-04,3,24,-777.7777777777778,0,7,-1000.0,104731.984375
2025-06-05,0,28,-1000.0,0,9,-1000.0,101575.953125
2025-06-06,26,1,925.925925925926,5,1,666.6666666666666,104390.34375
2025-06-07,28,0,1000.0,9,0,1000.0,105615.625
2025-06-08,11,17,-214.28571428571428,2,5,-428.57142857142856,105793.6484375
2025-06-09,28,0,1000.0,9,0,1000.0,110294.1015625
2025-06-10,25,2,851.8518518518518,7,0,1000.0,110257.234375
2025-06-11,0,27,-1000.0,0,8,-1000.0,108686.625
2025-06-12,0,28,-1000.0,0,8,-1000.0,105929.0546875
2025-06-13,4,23,-703.7037037037037,0,7,-1000.0,106090.96875
2025-06-14,1,26,-925.925925925926,0,5,-1000.0,105472.40625
2025-06-15,20,7,481.48148148148147,3,2,200.0,105552.0234375
2025-06-16,17,10,259.25925925925924,1,5,-666.6666666666666,106796.7578125
2025-06-17,0,27,-1000.0,0,8,-1000.0,104601.1171875
2025-06-18,14,13,37.03703703703704,6,0,1000.0,104883.328125
2025-06-19,9,18,-333.3333333333333,2,4,-333.3333333333333,104684.2890625
2025-06-20,0,28,-1000.0,0,7,-1000.0,103309.6015625
2025-06-21,0,27,-1000.0,0,8,-1000.0,102257.40625
2025-06-22,1,26,-925.925925925926,0,7,-1000.0,100987.140625
2025-06-23,28,0,1000.0,9,0,1000.0,105577.7734375
2025-06-24,19,8,407.4074074074074,6,0,1000.0,106045.6328125
2025-06-25,3,24,-777.7777777777778,0,7,-1000.0,107361.2578125
2025-06-26,2,26,-857.1428571428571,0,8,-1000.0,106960.0
2025-06-27,25,2,851.8518518518518,6,0,1000.0,107088.4296875
2025-06-28,27,1,928.5714285714286,9,0,1000.0,107327.703125
2025-06-29,27,0,1000.0,6,0,1000.0,108385.5703125
2025-06-30,4,24,-714.2857142857143,0,7,-1000.0,107135.3359375
2025-07-01,0,27,-1000.0,0,8,-1000.0,105698.28125
2025-07-02,28,0,1000.0,9,0,1000.0,108859.3203125
2025-07-03,23,4,703.7037037037037,5,2,428.57142857142856,109647.9765625
2025-07-04,0,28,-1000.0,0,7,-1000.0,108034.3359375
2025-07-05,19,8,407.4074074074074,5,2,428.57142857142856,108231.1796875
2025-07-06,27,1,928.5714285714286,8,0,1000.0,109232.0703125
2025-07-07,2,25,-851.8518518518518,1,6,-714.2857142857143,108299.8515625
2025-07-08,25,2,851.8518518518518,6,1,714.2857142857143,108950.2734375
2025-07-09,27,0,1000.0,7,1,750.0,111326.5546875
2025-07-10,28,0,1000.0,9,0,1000.0,115987.203125
2025-07-11,17,10,259.25925925925924,2,6,-500.0,117516.9921875
2025-07-12,6,21,-555.5555555555555,2,5,-428.57142857142856,117435.2265625
2025-07-13,27,0,1000.0,6,0,1000.0,119116.1171875
2025-07-14,16,11,185.18518518518516,3,4,-142.85714285714286,119849.703125
2025-07-15,23,5,642.8571428571429,9,0,1000.0,117777.1875
2025-07-16,23,4,703.7037037037037,7,1,750.0,118738.5078125
2025-07-17,24,3,777.7777777777778,2,5,-428.57142857142856,119289.84375
2025-07-18,12,16,-142.85714285714286,3,5,-250.0,118003.2265625
2025-07-19,23,4,703.7037037037037,6,1,714.2857142857143,117939.9765625
2025-07-20,25,3,785.7142857142857,6,2,500.0,117300.7890625
2025-07-21,21,6,555.5555555555555,6,1,714.2857142857143,117439.5390625
2025-07-22,18,10,285.7142857142857,3,5,-250.0,119995.4140625
2025-07-23,0,28,-1000.0,0,9,-1000.0,118754.9609375
2025-07-24,2,25,-851.8518518518518,0,9,-1000.0,118368.0
2025-07-25,25,2,851.8518518518518,9,0,1000.0,117635.8828125
2025-07-26,24,3,777.7777777777778,0,7,-1000.0,117947.3671875
2025-07-27,27,0,1000.0,7,1,750.0,119448.4921875
2025-07-28,0,28,-1000.0,0,10,-1000.0,117924.4765625
2025-07-29,3,24,-777.7777777777778,0,7,-1000.0,117922.1484375
2025-07-30,4,23,-703.7037037037037,0,8,-1000.0,117831.1875
2025-07-31,0,28,-1000.0,1,7,-750.0,115758.203125
2025-08-01,1,26,-925.925925925926,0,7,-1000.0,113320.0859375
2025-08-02,0,27,-1000.0,0,7,-1000.0,112526.9140625
2025-08-03,27,0,1000.0,6,1,714.2857142857143,114217.671875
2025-08-04,28,0,1000.0,8,1,777.7777777777778,115071.8828125
2025-08-05,0,28,-1000.0,0,9,-1000.0,114141.4453125
2025-08-06,25,2,851.8518518518518,7,0,1000.0,115028.0
2025-08-07,28,0,1000.0,8,0,1000.0,117496.8984375
2025-08-08,25,2,851.8518518518518,7,0,1000.0,116688.7265625
2025-08-09,23,5,642.8571428571429,9,0,1000.0,116500.359375
2025-08-10,6,21,-555.5555555555555,3,4,-142.85714285714286,119306.7578125
2025-08-11,3,25,-785.7142857142857,0,10,-1000.0,118731.4453125
2025-08-12,28,0,1000.0,9,0,1000.0,120172.90625
2025-08-13,25,2,851.8518518518518,7,0,1000.0,123344.0625
2025-08-14,1,27,-928.5714285714286,0,9,-1000.0,118359.578125
2025-08-15,6,21,-555.5555555555555,1,5,-666.6666666666666,117398.3515625
2025-08-16,22,5,629.6296296296297,6,0,1000.0,117491.3515625
2025-08-17,16,11,185.18518518518516,3,3,0.0,117453.0625
2025-08-18,1,26,-925.925925925926,1,6,-714.2857142857143,116252.3125
2025-08-19,0,28,-1000.0,0,9,-1000.0,112831.1796875
2025-08-20,28,0,1000.0,9,0,1000.0,114274.7421875
2025-08-21,1,27,-928.5714285714286,0,9,-1000.0,112419.03125
2025-08-22,28,0,1000.0,9,0,1000.0,116874.0859375
2025-08-23,6,21,-555.5555555555555,1,7,-750.0,115374.328125
2025-08-24,2,25,-851.8518518518518,1,6,-714.2857142857143,113458.4296875
2025-08-25,0,28,-1000.0,0,9,-1000.0,110124.3515625
2025-08-26,28,0,1000.0,6,2,500.0,111802.65625
2025-08-27,3,25,-785.7142857142857,3,4,-142.85714285714286,111222.0625
2025-08-28,27,1,928.5714285714286,7,1,750.0,112544.8046875
2025-08-29,1,27,-928.5714285714286,0,7,-1000.0,108410.8359375
2025-08-30,18,9,333.3333333333333,5,1,666.6666666666666,108808.0703125
2025-08-31,1,26,-925.925925925926,0,6,-1000.0,108236.7109375
2025-09-01,4,23,-703.7037037037037,0,8,-1000.0,109250.59375
2025-09-02,26,1,925.925925925926,8,0,1000.0,111200.5859375
2025-09-03,24,3,777.7777777777778,5,1,666.6666666666666,111723.2109375
2025-09-04,0,27,-1000.0,0,8,-1000.0,110723.6015625
2025-09-05,24,3,777.7777777777778,8,0,1000.0,110650.984375
2025-09-06,3,24,-777.7777777777778,1,5,-666.6666666666666,110224.6953125
2025-09-07,27,0,1000.0,7,0,1000.0,111167.6171875
2025-09-08,25,3,785.7142857142857,8,0,1000.0,112071.4296875
2025-09-09,12,15,-111.1111111111111,1,5,-666.6666666666666,111530.546875
2025-09-10,25,2,851.8518518518518,6,1,714.2857142857143,113955.359375
2025-09-11,25,2,851.8518518518518,7,0,1000.0,115507.5390625
2025-09-12,27,1,928.5714285714286,8,1,777.7777777777778,116101.578125
2025-09-13,20,7,481.48148148148147,6,0,1000.0,115950.5078125
2025-09-14,1,26,-925.925925925926,0,7,-1000.0,115407.65625
2025-09-15,2,26,-857.1428571428571,0,9,-1000.0,115444.875
2025-09-16,24,3,777.7777777777778,7,0,1000.0,116843.1875
2025-09-17,26,1,925.925925925926,6,1,714.2857142857143,116468.5078125
2025-09-18,23,4,703.7037037037037,1,4,-600.0,117137.203125
2025-09-19,1,26,-925.925925925926,0,7,-1000.0,115688.859375
2025-09-20,13,14,-37.03703703703704,6,1,714.2857142857143,115721.9609375
2025-09-21,2,25,-851.8518518518518,1,7,-750.0,115306.09375
2025-09-22,1,27,-928.5714285714286,0,8,-1000.0,112748.5078125
2025-09-23,5,22,-629.6296296296297,1,5,-666.6666666666666,112014.5
2025-09-24,17,10,259.25925925925924,3,2,200.0,113328.6328125
2025-09-25,0,27,-1000.0,0,8,-1000.0,109049.2890625
2025-09-26,27,0,1000.0,7,0,1000.0,109712.828125
2025-09-27,3,24,-777.7777777777778,0,7,-1000.0,109681.9453125
2025-09-28,27,0,1000.0,7,0,1000.0,112122.640625
2025-09-29,16,11,185.18518518518516,0,7,-1000.0,114400.3828125
2025-09-30,3,24,-777.7777777777778,2,4,-333.3333333333333,114056.0859375
2025-10-01,27,0,1000.0,8,0,1000.0,118648.9296875
2025-10-02,28,0,1000.0,7,0,1000.0,120681.2578125
2025-10-03,14,13,37.03703703703704,2,4,-333.3333333333333,122266.53125
2025-10-04,2,26,-857.1428571428571,1,7,-750.0,122425.4296875
2025-10-05,15,12,111.1111111111111,2,4,-333.3333333333333,123513.4765625
2025-10-06,26,2,857.1428571428571,8,0,1000.0,124752.53125
2025-10-07,2,26,-857.1428571428571,0,9,-1000.0,121451.3828125
2025-10-08,23,4,703.7037037037037,7,0,1000.0,123354.8671875
2025-10-09,2,25,-851.8518518518518,0,8,-1000.0,121705.5859375
2025-10-10,0,28,-1000.0,0,10,-1000.0,113214.3671875
2025-10-11,14,13,37.03703703703704,5,1,666.6666666666666,110807.8828125
2025-10-12,28,0,1000.0,10,0,1000.0,115169.765625
2025-10-13,24,3,777.7777777777778,7,0,1000.0,115271.078125
2025-10-14,1,26,-925.925925925926,0,7,-1000.0,113118.6640625
2025-10-15,0,28,-1000.0,0,10,-1000.0,110783.1640625
2025-10-16,0,27,-1000.0,0,7,-1000.0,108186.0390625
2025-10-17,1,26,-925.925925925926,0,6,-1000.0,106467.7890625
2025-10-18,24,3,777.7777777777778,5,0,1000.0,107198.265625
2025-10-19,26,1,925.925925925926,7,0,1000.0,108666.7109375
2025-10-20,21,6,555.5555555555555,6,0,1000.0,110588.9296875
2025-10-21,1,26,-925.925925925926,0,7,-1000.0,108476.890625
2025-10-22,1,26,-925.925925925926,0,6,-1000.0,107688.5859375
2025-10-23,26,1,925.925925925926,7,0,1000.0,110069.7265625
2025-10-24,24,3,777.7777777777778,6,0,1000.0,111033.921875
2025-10-25,18,9,333.3333333333333,3,3,0.0,111641.7265625
2025-10-26,28,0,1000.0,7,0,1000.0,114472.4453125
2025-10-27,3,25,-785.7142857142857,0,7,-1000.0,114119.328125
2025-10-28,3,24,-777.7777777777778,0,7,-1000.0,112956.1640625
2025-10-29,14,13,37.03703703703704,6,1,714.2857142857143,110055.3046875
2025-10-30,0,27,-1000.0,0,8,-1000.0,108305.546875
2025-10-31,21,6,555.5555555555555,7,1,750.0,109556.1640625
2025-11-01,22,5,629.6296296296297,7,0,1000.0,110064.015625
2025-11-02,15,12,111.1111111111111,1,6,-714.2857142857143,110639.625
2025-11-03,0,28,-1000.0,0,9,-1000.0,106547.5234375
2025-11-04,3,24,-777.7777777777778,0,7,-1000.0,101590.5234375
2025-11-05,26,1,925.925925925926,7,0,1000.0,103891.8359375
2025-11-06,6,21,-555.5555555555555,0,6,-1000.0,101301.2890625
2025-11-07,28,0,1000.0,8,0,1000.0,103372.40625
2025-11-08,5,22,-629.6296296296297,1,5,-666.6666666666666,102282.1171875
2025-11-09,23,4,703.7037037037037,5,0,1000.0,104719.640625
2025-11-10,21,6,555.5555555555555,6,0,1000.0,105996.59375
2025-11-11,0,27,-1000.0,0,7,-1000.0,102997.46875
2025-11-12,2,26,-857.1428571428571,0,7,-1000.0,101663.1875
2025-11-13,3,24,-777.7777777777778,0,7,-1000.0,99697.4921875
2025-11-14,1,26,-925.925925925926,0,7,-1000.0,94397.7890625
2025-11-15,25,2,851.8518518518518,6,0,1000.0,95549.1484375
2025-11-16,0,27,-1000.0,0,6,-1000.0,94177.078125
2025-11-17,4,23,-703.7037037037037,0,7,-1000.0,92093.875
2025-11-18,25,2,851.8518518518518,6,0,1000.0,92948.875
2025-11-19,2,25,-851.8518518518518,0,6,-1000.0,91465.9921875
2025-11-20,1,27,-928.5714285714286,0,8,-1000.0,86631.8984375
2025-11-21,2,25,-851.8518518518518,0,7,-1000.0,85090.6875
2025-11-22,8,19,-407.4074074074074,3,3,0.0,84648.359375
2025-11-23,18,9,333.3333333333333,2,3,-200.0,86805.0078125
2025-11-24,26,1,925.925925925926,8,0,1000.0,88270.5625
2025-11-25,14,14,0.0,4,2,333.3333333333333,87341.890625
2025-11-26,21,6,555.5555555555555,5,0,1000.0,90518.3671875
2025-11-27,6,21,-555.5555555555555,3,2,200.0,91285.375
2025-11-28,7,20,-481.48148148148147,2,4,-333.3333333333333,90919.265625
2025-11-29,2,25,-851.8518518518518,0,6,-1000.0,90851.7578125
2025-11-30,6,22,-571.4285714285714,0,8,-1000.0,90394.3125
2025-12-01,0,27,-1000.0,0,7,-1000.0,86321.5703125
2025-12-02,27,0,1000.0,8,0,1000.0,91350.203125
2025-12-03,27,1,928.5714285714286,5,2,428.57142857142856,93527.8046875
2025-12-04,0,27,-1000.0,0,6,-1000.0,92141.625
2025-12-05,0,28,-1000.0,0,9,-1000.0,89387.7578125
2025-12-06,19,8,407.4074074074074,6,1,714.2857142857143,89272.375
2025-12-07,9,18,-333.3333333333333,0,7,-1000.0,90405.640625
2025-12-08,26,2,857.1428571428571,9,0,1000.0,90640.203125
2025-12-09,27,0,1000.0,5,1,666.6666666666666,92691.7109375
2025-12-10,1,26,-925.925925925926,0,7,-1000.0,92020.9453125
2025-12-11,4,23,-703.7037037037037,2,5,-428.57142857142856,92511.3359375
2025-12-12,1,27,-928.5714285714286,0,9,-1000.0,90270.4140625
2025-12-13,23,4,703.7037037037037,4,1,600.0,90298.7109375
2025-12-14,0,27,-1000.0,0,6,-1000.0,88175.1796875
2025-12-15,1,26,-925.925925925926,0,6,-1000.0,86419.78125
2025-12-16,17,10,259.25925925925924,3,2,200.0,87843.984375
2025-12-17,0,27,-1000.0,0,7,-1000.0,86143.7578125
2025-12-18,2,26,-857.1428571428571,0,7,-1000.0,85462.5078125
2025-12-19,28,0,1000.0,7,0,1000.0,88103.3828125
2025-12-20,11,17,-214.28571428571428,1,6,-714.2857142857143,88344.0
2025-12-21,4,23,-703.7037037037037,0,5,-1000.0,88621.75
2025-12-22,17,10,259.25925925925924,2,4,-333.3333333333333,88490.015625
2025-12-23,4,23,-703.7037037037037,2,3,-200.0,87414.0
2025-12-24,5,22,-629.6296296296297,3,2,200.0,87611.9609375
2025-12-25,3,24,-777.7777777777778,1,5,-666.6666666666666,87234.7421875
2025-12-26,25,2,851.8518518518518,4,2,333.3333333333333,87301.4296875
2025-12-27,27,0,1000.0,6,0,1000.0,87802.15625
2025-12-28,8,19,-407.4074074074074,0,5,-1000.0,87835.8359375
2025-12-29,0,27,-1000.0,0,6,-1000.0,87138.140625
2025-12-30,15,12,111.1111111111111,2,4,-333.3333333333333,88430.1328125
2025-12-31,3,24,-777.7777777777778,2,5,-428.57142857142856,87508.828125
2026-01-01,25,2,851.8518518518518,8,0,1000.0,88731.984375
2026-01-02,28,0,1000.0,9,0,1000.0,89944.6953125
2026-01-03,17,10,259.25925925925924,3,2,200.0,90603.1875
2026-01-04,25,3,785.7142857142857,9,0,1000.0,91413.4921875
2026-01-05,27,0,1000.0,4,2,333.3333333333333,93882.5546875
2026-01-06,17,10,259.25925925925924,3,3,0.0,93729.03125
2026-01-07,0,27,-1000.0,0,7,-1000.0,91308.0546875
2026-01-08,5,22,-629.6296296296297,0,7,-1000.0,91027.125
2026-01-09,11,16,-185.18518518518516,2,3,-200.0,90513.1015625
2026-01-10,6,21,-555.5555555555555,0,7,-1000.0,90386.6484375
2026-01-11,13,15,-71.42857142857143,1,5,-666.6666666666666,90827.4609375
2026-01-12,3,24,-777.7777777777778,0,6,-1000.0,91192.9921875
2026-01-13,26,2,857.1428571428571,9,0,1000.0,95321.78125
2026-01-14,9,18,-333.3333333333333,0,7,-1000.0,96929.328125
2026-01-15,0,28,-1000.0,0,7,-1000.0,95551.1875
2026-01-16,17,11,214.28571428571428,6,1,714.2857142857143,95525.1171875
2026-01-17,15,13,71.42857142857143,0,8,-1000.0,95099.921875
2026-01-18,0,27,-1000.0,0,7,-1000.0,93634.4296875
2026-01-19,1,26,-925.925925925926,1,6,-714.2857142857143,92553.59375
2026-01-20,0,27,-1000.0,1,5,-666.6666666666666,88310.90625
2026-01-21,25,2,851.8518518518518,6,0,1000.0,89376.9609375
2026-01-22,4,23,-703.7037037037037,0,6,-1000.0,89462.453125
2026-01-23,11,16,-185.18518518518516,3,2,200.0,89503.875
2026-01-24,4,23,-703.7037037037037,2,3,-200.0,89110.734375
2026-01-25,0,27,-1000.0,0,7,-1000.0,86572.21875
2026-01-26,26,1,925.925925925926,7,0,1000.0,88267.140625
2026-01-27,24,3,777.7777777777778,4,1,600.0,89102.5703125
2026-01-28,10,17,-259.25925925925924,1,4,-600.0,89184.5703125
2026-01-29,0,28,-1000.0,0,8,-1000.0,84561.5859375
2026-01-30,0,27,-1000.0,1,4,-600.0,84128.65625
2026-01-31,0,27,-1000.0,0,8,-1000.0,78621.1171875
2026-02-01,2,25,-851.8518518518518,1,5,-666.6666666666666,76974.4453125
2026-02-02,27,0,1000.0,2,0,1000.0,78688.765625
2026-02-03,1,26,-925.925925925926,3,2,200.0,75633.546875
2026-02-04,1,26,-925.925925925926,0,5,-1000.0,73019.703125
2026-02-05,0,28,-1000.0,0,9,-1000.0,62702.09765625
2026-02-06,27,0,1000.0,8,0,1000.0,70555.390625
2026-02-07,9,18,-333.3333333333333,0,6,-1000.0,69281.96875
2026-02-08,4,23,-703.7037037037037,0,6,-1000.0,70264.7265625
2026-02-09,10,17,-259.25925925925924,2,3,-200.0,70120.78125
2026-02-10,0,27,-1000.0,0,6,-1000.0,68793.9609375
2026-02-11,1,26,-925.925925925926,0,6,-1000.0,66991.96875
2026-02-12,22,5,629.6296296296297,6,0,1000.0,66221.84375
2026-02-13,27,0,1000.0,5,0,1000.0,68857.84375
2026-02-14,27,1,928.5714285714286,9,0,1000.0,69767.625
2026-02-15,0,27,-1000.0,0,7,-1000.0,68788.1875
2026-02-16,22,5,629.6296296296297,4,1,600.0,68843.15625
2026-02-17,1,26,-925.925925925926,0,5,-1000.0,67494.21875
2026-02-18,1,27,-928.5714285714286,0,8,-1000.0,66425.3203125
2026-02-19,7,20,-481.48148148148147,0,5,-1000.0,66957.5234375
2026-02-20,26,1,925.925925925926,6,0,1000.0,68005.421875
2026-02-21,15,12,111.1111111111111,0,6,-1000.0,68003.765625
2026-02-22,1,26,-925.925925925926,0,6,-1000.0,67659.390625
2026-02-23,0,27,-1000.0,0,6,-1000.0,64616.73828125
2026-02-24,4,23,-703.7037037037037,1,4,-600.0,64080.04296875
2026-02-25,26,1,925.925925925926,6,0,1000.0,67960.125
2026-02-26,3,24,-777.7777777777778,0,6,-1000.0,67453.7734375
2026-02-27,1,26,-925.925925925926,0,5,-1000.0,65881.796875
2026-02-28,20,7,481.48148148148147,2,4,-333.3333333333333,66995.859375
2026-03-01,2,25,-851.8518518518518,0,7,-1000.0,65738.1015625
2026-03-02,26,1,925.925925925926,7,0,1000.0,68775.8515625
2026-03-03,7,21,-500.0,3,4,-142.85714285714286,68293.6484375
2026-03-04,26,2,857.1428571428571,7,1,750.0,72710.578125
2026-03-05,1,26,-925.925925925926,0,6,-1000.0,70841.125
2026-03-06,0,28,-1000.0,0,7,-1000.0,68136.4921875
2026-03-07,2,25,-851.8518518518518,0,5,-1000.0,67272.59375
2026-03-08,2,25,-851.8518518518518,1,5,-666.6666666666666,65969.78125
2026-03-09,27,0,1000.0,5,1,666.6666666666666,68402.3828125
2026-03-10,23,5,642.8571428571429,6,1,714.2857142857143,69926.921875
2026-03-11,22,5,629.6296296296297,4,1,600.0,70204.8828125
2026-03-12,20,7,481.48148148148147,6,0,1000.0,70493.4609375
2026-03-13,23,4,703.7037037037037,2,3,-200.0,70968.265625
2026-03-14,15,12,111.1111111111111,2,3,-200.0,71214.625
2026-03-15,25,2,851.8518518518518,4,1,600.0,72789.9140625
2026-03-16,26,1,925.925925925926,8,0,1000.0,74861.0859375
2026-03-17,1,26,-925.925925925926,0,6,-1000.0,73922.4765625
2026-03-18,0,27,-1000.0,0,7,-1000.0,71245.578125
2026-03-19,1,26,-925.925925925926,0,6,-1000.0,69912.7890625
2026-03-20,21,6,555.5555555555555,4,1,600.0,70522.5859375
2026-03-21,0,27,-1000.0,1,5,-666.6666666666666,68711.5234375
2026-03-22,1,26,-925.925925925926,1,5,-666.6666666666666,67845.2109375
2026-03-23,27,0,1000.0,6,0,1000.0,70914.859375
2026-03-24,17,10,259.25925925925924,4,2,333.3333333333333,70517.859375
2026-03-25,21,6,555.5555555555555,3,2,200.0,71309.8828125
2026-03-26,0,27,-1000.0,0,7,-1000.0,68791.625
2026-03-27,1,26,-925.925925925926,0,6,-1000.0,66338.375
2026-03-28,8,19,-407.4074074074074,3,2,200.0,66319.6953125
2026-03-29,1,26,-925.925925925926,0,6,-1000.0,65954.921875
2026-03-30,20,7,481.48148148148147,5,0,1000.0,66691.4453125
2026-03-31,24,3,777.7777777777778,6,0,1000.0,68233.3125
2026-04-01,16,11,185.18518518518516,3,1,500.0,68078.5546875
2026-04-02,1,26,-925.925925925926,0,6,-1000.0,66888.5703125
2026-04-03,20,7,481.48148148148147,5,0,1000.0,66931.1015625
2026-04-04,17,10,259.25925925925924,1,4,-600.0,67290.515625
2026-04-05,18,9,333.3333333333333,3,1,500.0,68981.8984375
2026-04-06,8,19,-407.4074074074074,0,4,-1000.0,68859.828125
2026-04-07,27,0,1000.0,7,0,1000.0,71940.703125
2026-04-08,1,26,-925.925925925926,0,6,-1000.0,71123.359375
2026-04-09,22,5,629.6296296296297,5,0,1000.0,71767.828125
2026-04-10,23,4,703.7037037037037,4,2,333.3333333333333,72979.046875
2026-04-11,10,17,-259.25925925925924,1,3,-500.0,73054.2734375
2026-04-12,0,27,-1000.0,0,7,-1000.0,70753.40625
2026-04-13,27,0,1000.0,7,0,1000.0,74484.640625
2026-04-14,0,27,-1000.0,0,6,-1000.0,74181.609375
2026-04-15,27,0,1000.0,6,0,1000.0,74805.078125
2026-04-16,25,2,851.8518518518518,6,0,1000.0,75152.1328125
2026-04-17,16,11,185.18518518518516,1,4,-600.0,77126.875
2026-04-18,0,27,-1000.0,0,6,-1000.0,75726.2109375
2026-04-19,0,27,-1000.0,2,4,-333.3333333333333,73856.3515625
2026-04-20,27,0,1000.0,6,0,1000.0,75872.5234375
2026-04-21,23,4,703.7037037037037,0,5,-1000.0,76352.7734375
2026-04-22,19,8,407.4074074074074,3,3,0.0,78203.1015625
2026-04-23,19,8,407.4074074074074,4,2,333.3333333333333,78268.953125
2026-04-24,16,11,185.18518518518516,4,2,333.3333333333333,77455.3125
2026-04-25,7,20,-481.48148148148147,0,6,-1000.0,77612.015625
2026-04-26,25,2,851.8518518518518,6,0,1000.0,78657.5390625
2026-04-27,1,26,-925.925925925926,0,6,-1000.0,77366.625
2026-04-28,5,22,-629.6296296296297,3,1,500.0,76350.671875
2026-04-29,3,24,-777.7777777777778,1,4,-600.0,75776.1328125
2026-04-30,8,19,-407.4074074074074,3,2,200.0,76304.3203125
2026-05-01,19,8,407.4074074074074,3,2,200.0,78179.0
2026-05-02,24,3,777.7777777777778,5,0,1000.0,78657.25
2026-05-03,3,24,-777.7777777777778,0,5,-1000.0,78538.2265625
2026-05-04,17,10,259.25925925925924,5,0,1000.0,79827.90625
2026-05-05,26,1,925.925925925926,6,0,1000.0,80927.0546875
2026-05-06,25,2,851.8518518518518,6,1,714.2857142857143,81427.53125
2026-05-07,1,26,-925.925925925926,3,3,0.0,80009.9921875
2026-05-08,27,0,1000.0,6,0,1000.0,80186.765625
2026-05-09,10,17,-259.25925925925924,1,5,-666.6666666666666,80664.3671875
2026-05-10,26,2,857.1428571428571,8,0,1000.0,82138.9296875
2026-05-11,6,21,-555.5555555555555,0,5,-1000.0,81728.296875
2026-05-12,3,25,-785.7142857142857,0,8,-1000.0,80477.4921875
2026-05-13,3,24,-777.7777777777778,2,4,-333.3333333333333,79277.1171875
2026-05-14,23,4,703.7037037037037,5,1,666.6666666666666,81051.25
2026-05-15,0,27,-1000.0,0,6,-1000.0,79065.6796875
2026-05-16,1,26,-925.925925925926,0,7,-1000.0,78131.4375
2026-05-17,1,26,-925.925925925926,1,5,-666.6666666666666,77429.3515625
2026-05-18,18,9,333.3333333333333,4,2,333.3333333333333,76954.171875
2026-05-19,3,24,-777.7777777777778,0,5,-1000.0,76750.90625
2026-05-20,24,3,777.7777777777778,5,0,1000.0,77457.7734375
2026-05-21,25,2,851.8518518518518,5,1,666.6666666666666,77539.171875
2026-05-22,3,24,-777.7777777777778,0,6,-1000.0,75488.2421875
2026-05-23,26,1,925.925925925926,5,1,666.6666666666666,76673.3671875
2026-05-24,4,23,-703.7037037037037,0,6,-1000.0,76981.125
2026-05-25,21,6,555.5555555555555,5,1,666.6666666666666,77279.9296875
2026-05-26,6,21,-555.5555555555555,1,5,-666.6666666666666,75825.734375
2026-05-27,4,24,-714.2857142857143,0,8,-1000.0,74344.703125
2026-05-28,3,24,-777.7777777777778,0,7,-1000.0,73536.5546875
2026-05-29,12,15,-111.1111111111111,6,0,1000.0,73372.5234375
2026-05-30,21,6,555.5555555555555,5,0,1000.0,73754.8359375
2026-05-31,8,20,-428.57142857142856,6,2,500.0,73579.6875
2026-06-01,7,20,-481.48148148148147,2,3,-200.0,71319.7734375
2026-06-02,1,27,-928.5714285714286,0,8,-1000.0,66703.65625
2026-06-03,13,14,-37.03703703703704,4,1,600.0,64014.3671875
2026-06-04,1,26,-925.925925925926,1,5,-666.6666666666666,63801.57421875
2026-06-05,1,26,-925.925925925926,0,7,-1000.0,60922.66796875
2026-06-06,13,14,-37.03703703703704,1,3,-500.0,60867.4140625
2026-06-07,26,1,925.925925925926,6,0,1000.0,63239.51953125
2026-06-08,15,12,111.1111111111111,2,4,-333.3333333333333,63090.58984375
2026-06-09,2,25,-851.8518518518518,1,4,-600.0,61643.78125
2026-06-10,0,27,-1000.0,0,5,-1000.0,61449.2890625
2026-06-11,27,0,1000.0,6,0,1000.0,63561.0546875
2026-06-12,5,22,-629.6296296296297,1,4,-600.0,63543.19921875
2026-06-13,25,2,851.8518518518518,4,1,600.0,64421.32421875
2026-06-14,26,1,925.925925925926,6,0,1000.0,65710.3984375
2026-06-15,19,8,407.4074074074074,3,3,0.0,66289.5
2026-06-16,8,19,-407.4074074074074,4,1,600.0,65600.640625
2026-06-17,3,24,-777.7777777777778,0,5,-1000.0,64418.4453125
2026-06-18,3,24,-777.7777777777778,2,4,-333.3333333333333,62896.47265625
2026-06-19,9,18,-333.3333333333333,2,4,-333.3333333333333,63540.8359375
2026-06-20,18,9,333.3333333333333,2,2,0.0,64239.67578125
2026-06-21,1,26,-925.925925925926,2,5,-428.57142857142856,63237.5390625
2026-06-22,18,9,333.3333333333333,4,2,333.3333333333333,63952.10546875
2026-06-23,1,26,-925.925925925926,1,6,-714.2857142857143,62668.01953125
2026-06-24,2,26,-857.1428571428571,0,7,-1000.0,60995.1328125
2026-06-25,4,23,-703.7037037037037,1,6,-714.2857142857143,59721.67578125
2026-06-26,23,4,703.7037037037037,5,0,1000.0,60016.4296875
2026-06-27,3,24,-777.7777777777778,3,2,200.0,59940.09765625
2026-06-28,6,21,-555.5555555555555,4,2,333.3333333333333,59532.33984375
2026-06-29,24,3,777.7777777777778,5,1,666.6666666666666,60138.37890625
2026-06-30,1,26,-925.925925925926,1,5,-666.6666666666666,58558.859375
2026-07-01,24,3,777.7777777777778,6,0,1000.0,60003.7578125
2026-07-02,26,1,925.925925925926,4,1,600.0,61485.30078125
2026-07-03,27,0,1000.0,8,0,1000.0,62544.19921875
2026-07-04,18,9,333.3333333333333,1,4,-600.0,63088.3046875
2026-07-05,12,15,-111.1111111111111,4,1,600.0,63547.8828125
2026-07-06,11,16,-185.18518518518516,1,6,-714.2857142857143,63995.015625
2026-07-07,1,26,-925.925925925926,0,5,-1000.0,63297.39453125
2026-07-08,3,24,-777.7777777777778,0,6,-1000.0,62257.57421875
2026-07-09,24,3,777.7777777777778,6,0,1000.0,63193.1484375
2026-07-10,24,3,777.7777777777778,4,1,600.0,64127.140625
2026-07-11,2,25,-851.8518518518518,1,4,-600.0,63802.02734375
2026-07-12,6,21,-555.5555555555555,0,5,-1000.0,63758.21875
2026-07-13,3,24,-777.7777777777778,1,4,-600.0,62239.12109375
2026-07-14,27,0,1000.0,5,0,1000.0,64956.11328125
2026-07-15,10,17,-259.25925925925924,2,3,-200.0,64712.375
2026-07-16,1,26,-925.925925925926,0,6,-1000.0,63789.28125
2026-07-17,16,11,185.18518518518516,2,2,0.0,63899.4609375
2026-07-18,16,11,185.18518518518516,2,4,-333.3333333333333,64796.6015625
2026-07-19,9,18,-333.3333333333333,2,3,-200.0,64690.8046875
2026-07-20,23,4,703.7037037037037,1,3,-500.0,65230.02734375
2026-07-21,22,5,629.6296296296297,4,1,600.0,66505.125
2026-07-22,8,19,-407.4074074074074,4,2,333.3333333333333,66100.796875
2026-07-23,2,25,-851.8518518518518,1,5,-666.6666666666666,65044.8125
2026-07-24,3,24,-777.7777777777778,3,2,200.0,64098.49609375
2026-07-25,22,6,571.4285714285714,7,0,1000.0,64311.8125
2026-07-26,24,3,777.7777777777778,3,1,500.0,65340.30078125
2026-07-27,0,27,-1000.0,0,6,-1000.0,63724.8984375
2026-07-28,21,6,555.5555555555555,3,2,200.0,63871.36328125
2026-07-29,6,21,-555.5555555555555,1,5,-666.6666666666666,63908.16796875
2026-07-30,26,1,925.925925925926,6,0,1000.0,64725.30859375
2026-07-31,5,22,-629.6296296296297,3,3,0.0,62813.74609375
2026-08-01,5,22,-629.6296296296297,0,5,-1000.0,62763.3203125
2026-08-02,26,1,925.925925925926,5,1,666.6666666666666,63482.0
2026-08-03,15,12,111.1111111111111,2,3,-200.0,63460.8984375
2026-08-04,13,14,-37.03703703703704,1,4,-600.0,64055.953125
2026-08-05,11,16,-185.18518518518516,3,2,200.0,64597.5
2026-08-06,5,22,-629.6296296296297,2,3,-200.0,64262.11328125
2026-08-07,16,11,185.18518518518516,2,4,-333.3333333333333,64880.19140625
2026-08-08,23,4,703.7037037037037,5,0,1000.0,64904.6875
2026-08-09,2,25,-851.8518518518518,3,2,200.0,64844.88671875
2026-08-10,9,18,-333.3333333333333,1,4,-600.0,63910.5859375
2026-08-11,16,12,142.85714285714286,1,5,-666.6666666666666,63551.875
2026-08-12,1,26,-925.925925925926,1,5,-666.6666666666666,63402.43359375
2026-08-13,15,12,111.1111111111111,3,2,200.0,63402.171875
2026-08-14,8,20,-428.57142857142856,3,3,0.0,62975.59375
2026-08-15,8,20,-428.57142857142856,2,4,-333.3333333333333,63024.3203125
2026-08-16,4,23,-703.7037037037037,0,5,-1000.0,62818.65234375
2026-08-17,23,4,703.7037037037037,2,3,-200.0,64506.25390625
2026-08-18,7,20,-481.48148148148147,1,4,-600.0,64680.7109375
2026-08-19,28,0,1000.0,7,0,1000.0,69266.1875
2026-08-20,27,0,1000.0,7,0,1000.0,73032.7578125
2026-08-21,28,0,1000.0,8,0,1000.0,78335.1875
2026-08-22,6,22,-571.4285714285714,1,6,-714.2857142857143,77083.4140625
2026-08-23,25,3,785.7142857142857,7,0,1000.0,77755.265625
2026-08-24,8,20,-428.57142857142856,0,7,-1000.0,78964.484375
2026-08-25,2,25,-851.8518518518518,0,6,-1000.0,78564.9765625
2026-08-26,24,3,777.7777777777778,6,0,1000.0,79027.421875
2026-08-27,21,6,555.5555555555555,3,2,200.0,80257.5390625
2026-08-28,0,27,-1000.0,1,5,-666.6666666666666,77830.2890625
2026-08-29,19,8,407.4074074074074,1,4,-600.0,78245.8125
2026-08-30,1,26,-925.925925925926,0,7,-1000.0,77667.5703125
2026-08-31,26,1,925.925925925926,5,1,666.6666666666666,78548.6328125
2026-09-01,9,18,-333.3333333333333,1,5,-666.6666666666666,77403.625
2026-09-02,10,17,-259.25925925925924,2,3,-200.0,77300.4765625
2026-09-03,26,1,925.925925925926,7,0,1000.0,81271.7421875
2026-09-04,2,25,-851.8518518518518,2,4,-333.3333333333333,79671.96875
2026-09-05,27,0,1000.0,6,0,1000.0,79823.8671875
2026-09-06,27,1,928.5714285714286,4,2,333.3333333333333,80350.046875
2026-09-07,13,15,-71.42857142857143,1,4,-600.0,79115.8515625
2026-09-08,9,18,-333.3333333333333,1,4,-600.0,78438.578125
2026-09-09,1,26,-925.925925925926,0,7,-1000.0,78259.5234375
2026-09-10,2,25,-851.8518518518518,0,6,-1000.0,76568.125
2026-09-11,18,9,333.3333333333333,6,0,1000.0,77173.796875
2026-09-12,17,10,259.25925925925924,4,1,600.0,77270.46875
2026-09-13,4,23,-703.7037037037037,0,6,-1000.0,76838.15625
2026-09-14,22,5,629.6296296296297,4,0,1000.0,78163.3828125
2026-09-15,0,27,-1000.0,0,6,-1000.0,75612.5078125
2026-09-16,23,4,703.7037037037037,6,0,1000.0,76150.3203125
2026-09-17,25,2,851.8518518518518,6,0,1000.0,76403.7734375
2026-09-19,28,0,1000.0,10,1,818.1818181818182,81123.0078125
