symbol,name,price_usd,price_change_24h,pct_basis,volume_24h,market_cap,is_advance,is_decline,is_unchanged
BTC,Bitcoin,86700.0,2.259860351009624,close_to_close,19523556736.0,1742101937541.0,1,0,0
ETH,Ethereum,2729.86,1.398479316249479,close_to_close,6683805300.0,333328409472.0,1,0,0
BNB,BNB,804.42,2.601974439427557,close_to_close,652675234.0,107116322864.0,1,0,0
XRP,XRP,1.53,2.684563758389258,close_to_close,1377777333.0,96220635804.0,1,0,0
SOL,Solana,121.45,1.1072261072261114,close_to_close,2160996913.0,71450782537.0,1,0,0
TRX,TRON,0.336138,0.23438059114004872,close_to_close,213867915.0,31926313676.0,1,0,0
FIGR_HELOC,Figure Heloc,1.07,0.093545369504211,close_to_close,478121.0,25112322544.0,1,0,0
ZEC,Zcash,1348.26,3.1821103866287004,close_to_close,500983598.0,22875479097.0,1,0,0
HYPE,Hyperliquid,90.46,0.9485548487891959,close_to_close,496912505.0,20123158707.0,1,0,0
DOGE,Dogecoin,0.096501,3.9612600189606217,close_to_close,686687646.0,15072487504.0,1,0,0
LINK,Chainlink,14.21,1.1387900355871894,close_to_close,259370797.0,10629964013.0,1,0,0
XMR,Monero,546.91,-0.15700020081421684,close_to_close,86992251.0,10289240974.0,0,1,0
WBT,WhiteBIT Coin,86.18,2.1453123148038378,close_to_close,50016861.0,10239714129.0,1,0,0
ADA,Cardano,0.265203,8.862417030289848,close_to_close,708328960.0,9956085910.0,1,0,0
LEO,LEO Token,8.91,-0.5580357142857206,close_to_close,195075.0,8197752024.0,0,1,0
RAIN,Rain,0.01145292,-13.221846153146743,close_to_close,13029196.0,8123007599.0,0,1,0
XLM,Stellar,0.225655,4.735139450367365,close_to_close,146790631.0,7910938618.0,1,0,0
NEAR,NEAR Protocol,4.92,2.2869022869022926,close_to_close,545632864.0,6429894448.0,1,0,0
BCH,Bitcoin Cash,319.85,0.4301682994222622,close_to_close,142405249.0,6428485406.0,1,0,0
UNI,Uniswap,9.15,0.8820286659316334,close_to_close,274554476.0,5719291953.0,1,0,0
LTC,Litecoin,70.45,-0.39587162448748714,close_to_close,288177710.0,5472261495.0,0,1,0
SUI,Sui,1.24,5.084745762711873,close_to_close,765775307.0,5118327044.0,1,0,0
CC,Canton,0.128499,1.5000000000000124,close_to_close,10188993.0,5109327194.0,1,0,0
AVAX,Avalanche,11.01,-0.5420054200542035,close_to_close,231664297.0,4878485395.0,0,1,0
HBAR,Hedera,0.104256,2.8733817492895497,close_to_close,84893394.0,4587051188.0,1,0,0
USD1,USD1,0.999692,0.019910094417885382,close_to_close,483605425.0,4426138760.0,1,0,0
GRAM,Gram (prev. Toncoin),1.53,0.0,close_to_close,22591024.0,4311566925.0,0,0,1
QNT,Quant,251.98,-8.096870668903644,close_to_close,213698953.0,3664852354.0,0,1,0
SHIB,Shiba Inu,5.96e-06,4.561403508771922,close_to_close,81908039.0,3514418891.0,1,0,0
TAO,Bittensor,305.5,-0.850318057899524,close_to_close,132633111.0,3464206973.0,0,1,0
CRO,Cronos,0.069069,4.182756124049725,close_to_close,9677689.0,3421270645.0,1,0,0
BTW,Bitway,1.25,25.376882910027533,close_to_close,25208577.0,3378771565.0,1,0,0
USDG,Global Dollar,0.999993,-0.0006999999999979245,close_to_close,435111370.0,3169722495.0,0,1,0
PUMP,Pump.fun,0.0064045,1.434286673614249,close_to_close,326314365.0,2974279382.0,1,0,0
AAVE,Aave,181.41,-0.5700191833378998,close_to_close,267200808.0,2800106887.0,0,1,0
OKB,OKB,121.88,1.2712920648109582,close_to_close,10770834.0,2559483172.0,1,0,0
RLUSD,Ripple USD,0.999995,0.0014000266004954298,close_to_close,43753198.0,2503658209.0,1,0,0
ENA,Ethena,0.241042,1.155744309407103,close_to_close,294775569.0,2497793964.0,1,0,0
ONDO,Ondo,0.500287,0.7422457868590637,close_to_close,136262705.0,2436065238.0,1,0,0
USYC,Circle USYC,1.14,0.0,close_to_close,0.0,2406243294.0,0,0,1
M,MemeCore,1.045,0.0,close_to_close,1439332.0,2385824925.0,0,0,1
USDY,Ondo US Dollar Yield,1.15,0.0,close_to_close,864654.0,2286051773.0,0,0,1
BUIDL,BlackRock USD Institutional Digital Liquidity Fund,1.0,0.0,close_to_close,0.0,2262224432.0,0,0,1
SKY,Sky,0.095759,3.6723072092846865,close_to_close,25293100.0,2243683978.0,1,0,0
WLD,Worldcoin,0.583349,-2.1471142281543787,close_to_close,262075278.0,2215600326.0,0,1,0
MNT,Mantle,0.663156,3.426624141238488,close_to_close,25619900.0,2189742589.0,1,0,0
DOT,Polkadot,1.21,2.5423728813559254,close_to_close,134084668.0,2068279258.0,1,0,0
ASTER,Aster,0.716601,0.5713443644478122,close_to_close,87978906.0,1942337832.0,1,0,0
MORPHO,Morpho,2.74,-1.0830324909747224,close_to_close,20430759.0,1920759135.0,0,1,0
ICP,Internet Computer,3.35,0.9036144578313365,close_to_close,75128398.0,1865672494.0,1,0,0
PEPE,Pepe,4.43e-06,3.5046728971962704,close_to_close,153166497.0,1864887026.0,1,0,0
USDF,Falcon USD,0.996054,-0.001204739444982117,close_to_close,274910.0,1819029368.0,0,1,0
WLFI,World Liberty Financial,0.055311,0.7174463280951171,close_to_close,20671340.0,1757701695.0,1,0,0
U,United Stables,0.999116,-0.00590487151900243,close_to_close,65061726.0,1558266140.0,0,1,0
HTX,HTX DAO,1.73e-06,1.1695906432748648,close_to_close,45118728.0,1552424149.0,1,0,0
EURSAFO,Spiko Amundi Overnight Swap Fund (EUR),1.14,0.0,close_to_close,0.0,1532942386.0,0,0,1
ETC,Ethereum Classic,9.07,2.8344671201814053,close_to_close,51842932.0,1435848510.0,1,0,0
VVV,Venice Token,29.7,6.604450825556363,close_to_close,31237152.0,1435847378.0,1,0,0
BGB,Bitget Token,2.01,0.49999999999998934,close_to_close,8576250.0,1409907964.0,1,0,0
ARB,Arbitrum,0.204221,1.4782902517317176,close_to_close,123468066.0,1385759466.0,1,0,0
BFUSD,BFUSD,0.999634,-0.01910334308503625,close_to_close,2794725.0,1319516223.0,0,1,0
USDGO,USDGO,1.0,0.0,close_to_close,11982191.0,1198638967.0,0,0,1
KAS,Kaspa,0.04305394,0.6137696213950106,close_to_close,9888277.0,1194154919.0,1,0,0
ALGO,Algorand,0.130605,1.6452514183872946,close_to_close,69356636.0,1183638978.0,1,0,0
GT,Gate,11.2,0.9009009009008917,close_to_close,2335514.0,1172005571.0,1,0,0
POL,POL (ex-MATIC),0.109873,0.32506368874238856,close_to_close,47209623.0,1167483612.0,1,0,0
JST,JUST,0.139838,1.336289983622474,close_to_close,21761053.0,1145100506.0,1,0,0
JUP,Jupiter,0.331621,0.5542870831097169,close_to_close,60663119.0,1100773020.0,1,0,0
KCS,KuCoin,7.48,1.2178619756427755,close_to_close,37487431.0,1044867906.0,1,0,0
RENDER,Render,1.99,1.5306122448979664,close_to_close,45690440.0,1031962659.0,1,0,0
PI,Pi Network,0.08806,-0.36883669359402127,close_to_close,4362309.0,990061057.0,0,1,0
BCAP,Blockchain Capital,108.18,0.0,close_to_close,0.0,985748168.0,0,0,1
ATOM,Cosmos Hub,1.76,2.923976608187129,close_to_close,53713530.0,937966477.0,1,0,0
LIT,Lighter,3.68,2.506963788300842,close_to_close,80642607.0,920018170.0,1,0,0
FIL,Filecoin,1.062,0.18867924528302993,close_to_close,64670189.0,884604788.0,1,0,0
NEXO,NEXO,0.867702,2.1449567441767403,close_to_close,3581651.0,867702028.0,1,0,0
AERO,Aerodrome Finance,0.866839,4.134311360556642,close_to_close,60530778.0,866831666.0,1,0,0
CAKE,PancakeSwap,2.53,0.7968127490039834,close_to_close,51103137.0,836908836.0,1,0,0
DASH,Dash,59.92,1.3703265098968131,close_to_close,52685978.0,770086783.0,1,0,0
INJ,Injective,7.68,1.4531043593130732,close_to_close,75325066.0,767685681.0,1,0,0
AKE,Akedo,0.03346022,-3.894515589608738,close_to_close,7309883.0,762767609.0,0,1,0
VET,VeChain,0.00886828,2.4750147040301096,close_to_close,8376661.0,762539795.0,1,0,0
STX,Stacks,0.397546,5.160605972431265,close_to_close,34731184.0,744106588.0,1,0,0
USTB,Invesco Short Duration US Government Securities Fund,11.23,0.0,close_to_close,0.0,743975857.0,0,0,1
NIGHT,Midnight,0.04462342,-8.519180081424405,close_to_close,33184933.0,741081136.0,0,1,0
ETHFI,Ether.fi,0.754674,4.012624731242065,close_to_close,34296057.0,728524320.0,1,0,0
STABLE,​​Stable,0.02662789,-0.28221283926114227,close_to_close,8044009.0,716842304.0,0,1,0
APT,Aptos,0.806922,1.418487851228445,close_to_close,44884053.0,703023810.0,1,0,0
ZRO,LayerZero,1.93,-4.92610837438423,close_to_close,105786889.0,681780299.0,0,1,0
OUSD,Open USD,0.999747,-0.004700968399484751,close_to_close,7214.05,666106909.0,0,1,0
