date,track,key,close_usd
2026-09-30,core,AAVE,161.12
2026-09-30,core,ADA,0.243058
2026-09-30,core,AERO,0.798783
2026-09-30,core,AKE,0.03224305
2026-09-30,core,ALGO,0.12349
2026-09-30,core,APT,0.785713
2026-09-30,core,ARB,0.200916
2026-09-30,core,ASTER,0.747028
2026-09-30,core,ATOM,1.7
2026-09-30,core,AVAX,11.15
2026-09-30,core,BCAP,107.53
2026-09-30,core,BCH,305.15
2026-09-30,core,BFUSD,0.99913
2026-09-30,core,BGB,1.98
2026-09-30,core,BNB,758.84
2026-09-30,core,BTC,83081.0
2026-09-30,core,BTW,1.15
2026-09-30,core,BUIDL,1.0
2026-09-30,core,CAKE,2.58
2026-09-30,core,CC,0.125077
2026-09-30,core,CRO,0.066526
2026-09-30,core,DASH,60.1
2026-09-30,core,DOGE,0.093208
2026-09-30,core,DOT,1.19
2026-09-30,core,ENA,0.244148
2026-09-30,core,ETC,9.05
2026-09-30,core,ETH,2662.66
2026-09-30,core,ETHFI,0.762118
2026-09-30,core,EURSAFO,1.15
2026-09-30,core,EUTBL,1.2
2026-09-30,core,FIGR_HELOC,1.03
2026-09-30,core,FIL,1.056
2026-09-30,core,FLR,0.00750741
2026-09-30,core,GRAM,1.49
2026-09-30,core,GT,10.92
2026-09-30,core,HBAR,0.104443
2026-09-30,core,HTX,1.71e-06
2026-09-30,core,HYPE,85.36
2026-09-30,core,ICP,3.41
2026-09-30,core,INJ,7.61
2026-09-30,core,JST,0.127616
2026-09-30,core,JUP,0.322539
2026-09-30,core,KAS,0.04369054
2026-09-30,core,KCS,7.38
2026-09-30,core,LEO,9.05
2026-09-30,core,LINK,14.33
2026-09-30,core,LIT,3.73
2026-09-30,core,LTC,66.88
2026-09-30,core,M,1.028
2026-09-30,core,MNT,0.68213
2026-09-30,core,MORPHO,2.53
2026-09-30,core,NEAR,4.91
2026-09-30,core,NEXO,0.836116
2026-09-30,core,OKB,120.69
2026-09-30,core,ONDO,0.500999
2026-09-30,core,PEPE,4.29e-06
2026-09-30,core,PI,0.091449
2026-09-30,core,POL,0.115709
2026-09-30,core,PUMP,0.0056816
2026-09-30,core,QNT,293.5
2026-09-30,core,RAIN,0.01243933
2026-09-30,core,RENDER,1.92
2026-09-30,core,RLUSD,1.0
2026-09-30,core,SHIB,5.75e-06
2026-09-30,core,SKY,0.081862
2026-09-30,core,SOL,118.45
2026-09-30,core,STABLE,0.02834291
2026-09-30,core,SUI,1.16
2026-09-30,core,TAO,302.01
2026-09-30,core,TRX,0.337326
2026-09-30,core,U,0.999356
2026-09-30,core,UNI,8.77
2026-09-30,core,USD1,0.999242
2026-09-30,core,USDF,0.995928
2026-09-30,core,USDG,1.0
2026-09-30,core,USDGO,1.0
2026-09-30,core,USDY,1.15
2026-09-30,core,USTB,11.23
2026-09-30,core,USYC,1.14
2026-09-30,core,VET,0.00880114
2026-09-30,core,VVV,26.56
2026-09-30,core,WBT,83.05
2026-09-30,core,WLD,0.496734
2026-09-30,core,WLFI,0.056462
2026-09-30,core,XDC,0.03365663
2026-09-30,core,XLM,0.221838
2026-09-30,core,XMR,539.71
2026-09-30,core,XRP,1.5
2026-09-30,core,ZEC,1392.22
2026-09-30,core,ZRO,1.84
2026-09-30,frontier,solana_CATE,0.07706516045516541
2026-09-30,frontier,solana_PAID,0.011276468317963535
2026-09-30,frontier,solana_STONK,0.2861045033393772
2026-09-30,frontier,solana_PUMP,0.0056701172108737695
2026-09-30,frontier,solana_USELESS,0.23372180025860384
2026-09-30,frontier,base_VVV,26.6409261539304
2026-09-30,frontier,base_AERO,0.79300703301277
2026-09-30,frontier,base_SOL,117.757536410023
2026-09-30,frontier,bsc_AKE,0.0321797108277424
2026-09-30,frontier,bsc_B13B,5.78409338019929
2026-09-30,frontier,bsc_ARK,6.37375729270782
2026-09-30,frontier,bsc_龙虾,0.0610669481384462
2026-09-30,frontier,bsc_MARSCOIN,0.144237649809396
2026-09-30,frontier,bsc_$BANANA,0.00777235416839483
2026-09-30,frontier,bsc_COLLECT,0.0185257705512526
2026-09-30,frontier,bsc_KII,0.0923620542720255
2026-09-30,frontier,solana_BONK,3.771e-06
2026-09-30,frontier,bsc_MUBARAK,0.0591743068486289
2026-09-30,frontier,solana_E,0.010844805701959698
2026-09-30,frontier,bsc_BREW,0.00796602229444669
2026-09-30,frontier,bsc_Q,0.0232184995187772
2026-09-30,frontier,bsc_CAP,0.0606252900389421
2026-09-30,frontier,solana_CARDS,0.1837452293227878
2026-09-30,frontier,solana_SI,0.00013943429885391164
2026-09-30,frontier,base_XDP,0.0236758861852698
2026-09-30,frontier,base_TIBBIR,0.328166864217566
2026-09-30,frontier,bsc_SOON,0.429714654710481
