key,symbol,name,chain,price_change_24h,volume_24h,liquidity_usd,fdv_usd,is_advance,is_decline,is_unchanged
bsc_KII,KII,KII / USDT 0.007%,bsc,0.206,62260948.6792318,1343231.7765,20456443.6940567,1,0,0
bsc_TAKE,TAKE,TAKE / WBNB 0.01%,bsc,89.652,54392530.6616433,573688.5187,15684114.1523667,1,0,0
bsc_Q,Q,Q / USDT 0.01%,bsc,55.146,45985781.3490937,1234291.1569,232362351.695201,1,0,0
bsc_DGAI,DGAI,DGAI / USDT 0.01%,bsc,0.123,38061723.1341673,3272711.6022,1047634582.9,1,0,0
bsc_BANK,BANK,BANK / WBNB 0.01%,bsc,0.109,37161964.3336873,646776.5418,73031809.7596105,1,0,0
solana_E,E,e/acc / SOL,solana,-72.025,24930676.9222994,583378.1534,18985704.4302258,0,1,0
bsc_B2,B2,B2 / WBNB 0.01%,bsc,-12.187,22049747.9355855,793637.4614,93879000.0986159,0,1,0
bsc_CNPY,CNPY,CNPY / USDT 0.007%,bsc,-1.989,21678044.3283992,1612972.6172,12239540.1415491,0,1,0
solana_PAID,PAID,PAID / SOL,solana,-38.689,20507648.9281468,1143605.9665,27415303.3118108,0,1,0
solana_BP,BP,BP / USDC,solana,-1.698,17107201.4793917,5431691.2095,1186867933.9359,0,1,0
solana_PUMP,PUMP,PUMP / USDC,solana,-3.768,13581265.8525201,22603784.5557,3586171650.02538,0,1,0
solana_ZEC,ZEC,ZEC / USDC,solana,6.268,13208549.1041142,2951408.9415,161359005.140701,1,0,0
solana_STONK,STONK,STONK / SPYx,solana,17.786,9172666.33210121,3113950.5487,258576889.045486,1,0,0
bsc_龙虾,龙虾,龙虾 / WBNB,bsc,-1.28,4824959.24536591,2976163.2014,102302859.229041,0,1,0
bsc_B13B,B13B,B13B / USDT 0.05%,bsc,-1.668,4778778.09724153,447087.6093,29568629.1454684,0,1,0
bsc_牛来,牛来,牛来 / USDT 0.25%,bsc,3.452,4740735.35088269,1090015.8729,110538005.881482,1,0,0
base_AERO,AERO,AERO / USDC,base,-5.827,4608045.61515492,42195823.9265,1689041919.66133,0,1,0
bsc_UAI,UAI,UAI / BNB 0.007%,bsc,11.375,4373258.7771821,1247512.0978,398473493.999949,1,0,0
bsc_PIEVERSE,PIEVERSE,PIEVERSE / USDT 0.007%,bsc,-3.682,4235425.29730215,2407241.1572,156755041.274581,0,1,0
solana_FARTCOIN,FARTCOIN,Fartcoin / SOL,solana,1.773,4159199.04828906,9387820.5513,203187805.72447,1,0,0
bsc_NVDAB,NVDAB,NVDAB / USDT 0.25%,bsc,1.587,4128875.09566871,3661682.1855,29568713.0124963,1,0,0
solana_ALLINU,ALLINU,ALLINU / SOL,solana,-40.023,3957189.98929891,409229.4261,10079006.6490329,0,1,0
base_SOL,SOL,SOL / USDC 0.021%,base,3.714,3613993.75168576,662621.5454,29873333.6369485,1,0,0
solana_ZCAT,ZCAT,ZCAT / SOL,solana,-19.877,3592744.23959279,1170874.8415,77412102.9876464,0,1,0
base_MORPHO,MORPHO,MORPHO / WETH 0.3%,base,-0.548,3406771.02953903,1094199.9043,76765074.4151174,0,1,0
bsc_AKE,AKE,AKE / WBNB 0.01%,bsc,-0.406,3342355.10813898,2804631.4843,3298240676.8544,0,1,0
ethereum_PEPE,PEPE,Pepe,ethereum,-1.74,2993680.05,33915140.66,2023433737.0,0,1,0
bsc_ZAMA,ZAMA,ZAMA / USDT 0.007%,bsc,4.75,2923498.79736494,1507350.5633,21904362.5392378,1,0,0
bsc_CLO,CLO,CLO / USDT 0.007%,bsc,-3.204,2882935.77021484,957887.3704,14328219.7395259,0,1,0
bsc_KITE,KITE,KITE / USDT 0.007%,bsc,-2.383,2861544.63202158,1637454.3655,32474649.2940743,0,1,0
base_NOCK,NOCK,NOCK / USDC,base,-34.294,2734382.53507299,1424723.892,44568409.0010164,0,1,0
bsc_XPL,XPL,XPL / USDT 0.01%,bsc,-6.966,2629659.68984316,472826.7039,30308612.1081949,0,1,0
solana_CATE,CATE,CATE / SOL,solana,-6.166,2514693.13381587,3669140.8187,89180910.7137654,0,1,0
bsc_ARK,ARK,ARK / USDT,bsc,-0.859,2473501.13082674,57290808.6537,229051928.457824,0,1,0
bsc_4,4,4 / WBNB,bsc,1.868,2472003.65962774,1672670.9531,22519876.6054043,1,0,0
bsc_GSTOCK,GSTOCK,GSTOCK / USDT 1%,bsc,-3.512,2387013.38615385,898389.0103,23094409.8923757,0,1,0
bsc_MARSCOIN,MARSCOIN,MarsCoin / USDT 0.25%,bsc,13.058,2236587.6830363,451110.9278,129428715.284774,1,0,0
base_DRV,DRV,DRV / WETH 0.8%,base,9.102,2034806.87250756,2169319.3658,85660458.3634073,1,0,0
base_EDGE,EDGE,EDGE / cbBTC,base,16.291,1743116.68164853,759348.5834,131397000.278687,1,0,0
base_VVV,VVV,VVV / WETH,base,4.229,1597055.18563539,3123281.0246,2497806191.93508,1,0,0
solana_TROLL,TROLL,TROLL / SOL,solana,6.503,1584568.17991847,3690250.9934,55341280.4170845,1,0,0
solana_USELESS,USELESS,USELESS / SOL,solana,4.699,1290423.41179276,5878796.9024,288727542.044582,1,0,0
bsc_$BANANA,$BANANA,$BANANA / WBNB 0.01%,bsc,0.817,1239924.2960535,4388336.107,81058950.0362743,1,0,0
bsc_COLLECT,COLLECT,COLLECT / BNB 0.007%,bsc,-0.932,1134386.65134005,1356374.873,56713675.5772496,0,1,0
bsc_BREW,BREW,BREW / WBNB 1%,bsc,-7.565,1110292.45992974,960180.7029,12544940.7036451,0,1,0
base_TRUE,TRUE,TRUE / WETH,base,-4.935,1102406.786722,741547.2708,14061361.62,0,1,0
base_B3,B3,B3 / WETH 0.05%,base,-9.32,911131.080363348,787900.4532,74974848.4149318,0,1,0
bsc_MUBARAK,MUBARAK,mubarak / WBNB 0.25%,bsc,-2.909,892643.880982942,2900134.3288,52998462.7813452,0,1,0
bsc_LAB,LAB,LAB / USDT 0.007%,bsc,-4.81,814541.485877654,893613.8069,56214199.2143191,0,1,0
solana_BONK,BONK,Bonk / SOL,solana,476751.0,122140.56,423454.03,320399495.0,1,0,0
